CREATE DATABASE  IF NOT EXISTS `memories_db` /*!40100 DEFAULT CHARACTER SET latin1 */;
USE `memories_db`;
-- MySQL dump 10.13  Distrib 5.7.17, for Win64 (x86_64)
--
-- Host: 127.0.0.1    Database: memories_db
-- ------------------------------------------------------
-- Server version	5.5.5-10.4.13-MariaDB

/*!40101 SET @OLD_CHARACTER_SET_CLIENT=@@CHARACTER_SET_CLIENT */;
/*!40101 SET @OLD_CHARACTER_SET_RESULTS=@@CHARACTER_SET_RESULTS */;
/*!40101 SET @OLD_COLLATION_CONNECTION=@@COLLATION_CONNECTION */;
/*!40101 SET NAMES utf8 */;
/*!40103 SET @OLD_TIME_ZONE=@@TIME_ZONE */;
/*!40103 SET TIME_ZONE='+00:00' */;
/*!40014 SET @OLD_UNIQUE_CHECKS=@@UNIQUE_CHECKS, UNIQUE_CHECKS=0 */;
/*!40014 SET @OLD_FOREIGN_KEY_CHECKS=@@FOREIGN_KEY_CHECKS, FOREIGN_KEY_CHECKS=0 */;
/*!40101 SET @OLD_SQL_MODE=@@SQL_MODE, SQL_MODE='NO_AUTO_VALUE_ON_ZERO' */;
/*!40111 SET @OLD_SQL_NOTES=@@SQL_NOTES, SQL_NOTES=0 */;

--
-- Table structure for table `adminuser`
--

DROP TABLE IF EXISTS `adminuser`;
/*!40101 SET @saved_cs_client     = @@character_set_client */;
/*!40101 SET character_set_client = utf8 */;
CREATE TABLE `adminuser` (
  `id` int(11) NOT NULL AUTO_INCREMENT,
  `name` varchar(45) DEFAULT NULL,
  `username` varchar(20) DEFAULT NULL,
  `email` varchar(50) DEFAULT NULL,
  `password` text DEFAULT NULL,
  `role` int(11) DEFAULT NULL,
  `photo` longtext DEFAULT NULL,
  `createdAt` timestamp NULL DEFAULT current_timestamp(),
  `updatedAt` timestamp NULL DEFAULT current_timestamp(),
  `deletedAt` timestamp NULL DEFAULT current_timestamp(),
  PRIMARY KEY (`id`),
  UNIQUE KEY `username_UNIQUE` (`username`),
  UNIQUE KEY `email_UNIQUE` (`email`)
) ENGINE=InnoDB AUTO_INCREMENT=21 DEFAULT CHARSET=utf8;
/*!40101 SET character_set_client = @saved_cs_client */;

--
-- Dumping data for table `adminuser`
--

LOCK TABLES `adminuser` WRITE;
/*!40000 ALTER TABLE `adminuser` DISABLE KEYS */;
INSERT INTO `adminuser` VALUES (1,'Sebastian','snavarro','sebastian.navarro87@gmail.com','$2b$10$ob2eBIr7KRyct/S/yqYJEOljvEBe5CVGz1nAtLqrfoBJPuarv8EPW',1,'sebas.jpg','2020-08-10 17:31:18','2020-08-10 17:31:18','2020-08-10 17:31:18'),(2,'Facundo','fruiz','facu-ru@hotmail.com','$2b$10$BTJcA/hLojYdjq5vIyXH3eyF1csSTBJm.YtuuSTKd/v.3Mtr6d38.',1,'facu.jpg','2020-08-10 17:35:19','2020-08-10 17:35:19','2020-08-10 17:35:19'),(4,'DHFullAdmin','dhfulladmin','dhfulladmin@test.com','$2b$10$gnBduGLx9Dh4NCEBkBsHEOKgjCMx6N1SIfkDShUm2Y9xweYi/DWXK',1,'digitalhouse.jpg','2020-08-10 17:41:11','2020-08-10 17:41:11','2020-08-10 17:41:11'),(5,'DHBasicUser','dhbasicuser','dhbasicuser@test.com','$2b$10$7ObeyBkXaWYj2p/XkR/6cuksCmI0m3zAR7my62jxyMDsfbpJk.ERC',2,'digitalhouse.jpg','2020-08-10 17:41:11','2020-08-10 17:41:11','2020-08-10 17:41:11'),(13,'Nicolas','ncaballero','niicolas.caballero@gmail.com','$2a$10$nMLnfHQm9KEWx5oapJoCTOoI933KhPOLazoJhKdtXnB9gOeccZqw2',1,'nicoPerfil.jpg','2020-08-30 14:22:34','2020-08-30 14:22:34','2020-08-30 14:22:34');
/*!40000 ALTER TABLE `adminuser` ENABLE KEYS */;
UNLOCK TABLES;

--
-- Table structure for table `cart`
--

DROP TABLE IF EXISTS `cart`;
/*!40101 SET @saved_cs_client     = @@character_set_client */;
/*!40101 SET character_set_client = utf8 */;
CREATE TABLE `cart` (
  `id` int(11) NOT NULL AUTO_INCREMENT,
  `orderNumber` int(11) DEFAULT NULL,
  `total` int(11) DEFAULT NULL,
  `userId` int(11) DEFAULT NULL,
  `createdAt` timestamp NULL DEFAULT current_timestamp(),
  `updatedAt` timestamp NULL DEFAULT current_timestamp(),
  `deletedAt` timestamp NULL DEFAULT current_timestamp(),
  PRIMARY KEY (`id`)
) ENGINE=InnoDB DEFAULT CHARSET=utf8;
/*!40101 SET character_set_client = @saved_cs_client */;

--
-- Dumping data for table `cart`
--

LOCK TABLES `cart` WRITE;
/*!40000 ALTER TABLE `cart` DISABLE KEYS */;
/*!40000 ALTER TABLE `cart` ENABLE KEYS */;
UNLOCK TABLES;

--
-- Table structure for table `categories`
--

DROP TABLE IF EXISTS `categories`;
/*!40101 SET @saved_cs_client     = @@character_set_client */;
/*!40101 SET character_set_client = utf8 */;
CREATE TABLE `categories` (
  `id` int(11) NOT NULL AUTO_INCREMENT,
  `name` varchar(45) DEFAULT NULL,
  `image` text DEFAULT NULL,
  `visibility` tinyint(4) DEFAULT NULL,
  `createdAt` timestamp NULL DEFAULT current_timestamp(),
  `updatedAt` timestamp NULL DEFAULT current_timestamp(),
  `deletedAt` timestamp NULL DEFAULT current_timestamp(),
  PRIMARY KEY (`id`)
) ENGINE=InnoDB AUTO_INCREMENT=10 DEFAULT CHARSET=utf8;
/*!40101 SET character_set_client = @saved_cs_client */;

--
-- Dumping data for table `categories`
--

LOCK TABLES `categories` WRITE;
/*!40000 ALTER TABLE `categories` DISABLE KEYS */;
INSERT INTO `categories` VALUES (1,'aventura','aventura.jpg',0,'2020-08-10 17:46:12','2020-08-13 18:33:22','2020-08-10 17:46:12'),(2,'bienestar','bienestar.jpg',0,'2020-08-10 17:46:12','2020-08-10 17:46:12','2020-08-10 17:46:12'),(3,'cursos','cursos.jpg',0,'2020-08-10 17:46:12','2020-08-10 17:46:12','2020-08-10 17:46:12'),(4,'entretenimiento','entretenimiento.jpg',0,'2020-08-10 17:46:12','2020-08-10 17:46:12','2020-08-10 17:46:12'),(5,'escapadas','escapadas.jpg',0,'2020-08-10 17:46:12','2020-08-10 17:46:12','2020-08-10 17:46:12'),(6,'gastronomia','gastronomia.jpg',0,'2020-08-10 17:46:12','2020-08-13 18:37:11','2020-08-10 17:46:12');
/*!40000 ALTER TABLE `categories` ENABLE KEYS */;
UNLOCK TABLES;

--
-- Table structure for table `experiences`
--

DROP TABLE IF EXISTS `experiences`;
/*!40101 SET @saved_cs_client     = @@character_set_client */;
/*!40101 SET character_set_client = utf8 */;
CREATE TABLE `experiences` (
  `id` int(11) NOT NULL AUTO_INCREMENT,
  `name` varchar(45) NOT NULL,
  `description` longtext NOT NULL,
  `image` longtext NOT NULL,
  `include` longtext NOT NULL,
  `website` varchar(150) NOT NULL,
  `productSku` int(11) DEFAULT NULL,
  `createdAt` timestamp NULL DEFAULT current_timestamp(),
  `updatedAt` timestamp NULL DEFAULT current_timestamp(),
  `deletedAt` varchar(45) DEFAULT 'CURRENT_TIMESTAMP',
  PRIMARY KEY (`id`),
  KEY `productSku_foreign_experiences_idx` (`productSku`),
  CONSTRAINT `productSku_foreign_experiences` FOREIGN KEY (`productSku`) REFERENCES `products` (`sku`) ON DELETE NO ACTION ON UPDATE NO ACTION
) ENGINE=InnoDB AUTO_INCREMENT=130 DEFAULT CHARSET=utf8;
/*!40101 SET character_set_client = @saved_cs_client */;

--
-- Dumping data for table `experiences`
--

LOCK TABLES `experiences` WRITE;
/*!40000 ALTER TABLE `experiences` DISABLE KEYS */;
INSERT INTO `experiences` VALUES (1,'Osaka Cocina Nikkei','Un espacio  en el cual mostramos nuestra aventura de hace más de 20 años en Asia donde fuimos en  búsqueda de buenas olas y grandes ideas. Es un lugar en el que  no solo rendimos tributo a la gastronomía Nikkei, capaz de combinar la comida y técnica  japonesa con la explosiva y siempre creativa cocina peruana; sino que por el contrario ofrecemos una experiencia excepcional enfocada al disfrute de todos los sentidos.','gourmet1.jpg','Para que tengas una experiencia gastronómica completa con esta Memorie accedes a un menu sin limites. Tendrás entrada, plato principal, postre y una bebida por persona. Además incluye una botella de vino a elección. Válido para 2 (dos) personas por unica vez.','http://www.osakanikkei.com/es/#',1,'2020-08-13 20:10:04','2020-08-13 20:10:04','CURRENT_TIMESTAMP'),(2,'Fogón Asado Experience','Descubre la tradición del Asado, presentada de una manera distinta. Hemos creado una experiencia gastronómica por pasos y a puerta cerrada que explora nuevas formas de servir los cortes de carne típicos del Asado. Mientras está sentado en nuestro bar, verá, sentirá y experimentará diferentes técnicas de cocción a la parrilla, de manera cercana y personal. El chef esta a disposición para explicar todos los métodos para cocinar elegidos por nuestro equipo.','gourmet5.jpg','Accedés a una full asado experience. Incluye Cóctel de bienvenida, Primer Paso (Empanada), Segundo Paso (Chorizo y Morcilla), Tercer Paso (Queso Provoleta), Cuarto Plato (Matambre), Quinto Plato (La Sorpresa), Plato Principal (Carne Dos Maneras), Postre (Panqueques con Dulce de Leche) y para finalizar de forma amena, el infaltable Café. Válido para 2 (dos) personas por unica vez.','https://fogonasado.com/es/hom2/',1,'2020-08-13 20:10:04','2020-08-13 20:10:04','CURRENT_TIMESTAMP'),(3,'Casa Saltshaker','Ofrecemos una experiencia gastronómica y social única, con una mesa comunitaría para compartir entre comensales desconocidos, en nuestra casa. El ambiente es informal y la conversación es animada. Nuestra comida es una cocina global ecléctica, que tiende a estar fuertemente influenciada por las cocinas picantes de América Latina, Asia, y el Medio Oriente. Se trata de conocer nuevos amigos y sobre todo de degustar buena comida y buen vino. Durante más que una década, damos una verdadera experiencia imperdible para viajeros y lugareños!','gourmet2.jpg','Incluye un acceso libre al menu para dos personas. Entrada, plato principal, postre y café. Además accederán a una botella de vino de la casa a elección. Válido para 2 (dos) personas por unica vez.','https://www.casasalero.com/',1,'2020-08-13 20:10:04','2020-08-13 20:10:04','CURRENT_TIMESTAMP'),(4,'La Casona del Nonno','Durante más de 20 años escogimos los mejores productos de la mano del mismo equipo de cocina y chef para lograr la calidad de platos de pastas caseras y combinaciones con justas salsas.Parrilla con carnes rojas como bife de chorizo, bife de lomos, también saborizados, aves elaboradas salseadas y grilladas, Cordero Pagónico.Nuestras Pastas son caseras con variedad de salsas.Platos de pescados y mariscos frescos (consultar). Arroces y risottos. Le ofrecemos varias ensaladas de la huerta y de estación.','gourmet3.jpg','Incluye un acceso libre al menu para dos personas. Entrada, plato principal, postre y café. Además accederán a una botella de vino de la casa a elección. Válido para 2 (dos) personas por unica vez.','http://www.lacasonadelnonno.com/',1,'2020-08-13 20:10:04','2020-08-13 20:10:04','CURRENT_TIMESTAMP'),(5,'Sipan Restaurants','Una experiencia culinaria de alto nivel en el living de tu casa. Amor por lo Nikkei. Con esta premisa Sipan invita a que exploren un mundo de sabores. Su propuesta gastronómica es la cevichería con especialidad en pescados y mariscos. Distinguido como el mejor restaurante peruano en Argentina por el Gobierno de Perú.','away6.jpg','La experiencia incluye, únicamente para TAKE AWAY, una entrada, un plato principal, un postre y un cocktail, por persona. Válido para 2 (dos) personas por unica vez.','http://www.sipanrestaurants.com/',2,'2020-08-13 20:10:04','2020-08-13 20:10:04','CURRENT_TIMESTAMP'),(6,'La Bistecca','Uno de los mejores tenedores libres de todo Buenos Aires. Variedad y calidad. Disfrutá de platos exquisitos y frescos. Dentro del toten de recomendaciones de TripAdvisor Argentina.','away2.jpg','La experiencia incluye, únicamente para TAKE AWAY, una entrada, un plato principal, un postre y un cocktail, por persona. Válido para 2 (dos) personas por unica vez.','http://www.labistecca.com/',2,'2020-08-13 20:10:04','2020-08-13 20:10:04','CURRENT_TIMESTAMP'),(7,'La Parolaccia','Con más de 28 años de presencia en Argentina, La Parolaccia sigue siendo fiel al estilo que le dio origen: calidad, cordialidad y una esmerada atención; manteniendo intacta la esencia a lo largo de su historia y logrando distinguir el verdadero sabor de la cocina italiana, La Parolaccia se ha convertido en un clásico de Buenos Aires.','away3.jpg','La experiencia incluye, únicamente para TAKE AWAY, una entrada, un plato principal, un postre y un cocktail, por persona. Válido para 2 (dos) personas por unica vez.','http://www.laparolaccia.com/#inicio',2,'2020-08-13 20:10:04','2020-08-13 20:10:04','CURRENT_TIMESTAMP'),(8,'Tucson','Galardonado con el premio a mejor restaurante de CABA en 2018 Tucson se destaca por la calidad culinaria y diversidad de sus platos. Una apuesta a experiencias gastronómicas de alto nivel. Disfrutá de un buen plato, disfrutá Tucson.','away1.jpg','La experiencia incluye, únicamente para TAKE AWAY, una entrada, un plato principal, un postre y un cocktail, por persona. Válido para 2 (dos) personas por unica vez.','http://www.tucsonrestaurante.com.ar/',2,'2020-08-13 20:10:04','2020-08-13 20:10:04','CURRENT_TIMESTAMP'),(9,'Cafe Martinez','Tostadores y elaboradores de cafe desde 1933. Desde 1933 tostamos nuestro propio café. Lo cuidamos desde la selección de sus granos, hasta la taza, conservando el amor y el respeto que tenemos por lo que hacemos, desde el primer día. Por eso nuestro café es ÚNICO. A través de nuestro proceso exclusivo de tostación, logramos resaltar las notas y características propias de los diferentes granos. Un aroma pleno, con notas de chocolate, pan tostado, miel y caramelo y un sabor con cuerpo, con un toque de frescura, es lo que hace inconfundible a un Café Martínez, siempre.','buenDia4.jpg','Incluye el acceso a todo el menu de desayuno y/o meriendas. Por persona, 1 infusión, 1 opcion dulce, 1 opcion salada, 1 yogurt casero y jugo de naranja recien exprimido. Intercambiable por experiencia de Brunch. Válido para 2 (dos) personas por unica vez.','https://cafemartinez.com/',3,'2020-08-13 20:10:04','2020-08-13 20:10:04','CURRENT_TIMESTAMP'),(10,'L Orangerie','Nuestro elegante restaurante y su cálido jardin DHiver presentan un completísimo buffet para el desayuno, con variedad de pastelería y repostería de elaboración propia.','buenDia1.jpg','Incluye el acceso a todo el menu de desayuno y/o meriendas. Por persona, 1 infusión, 1 opcion dulce, 1 opcion salada, 1 yogurt casero y jugo de naranja recien exprimido. Intercambiable por experiencia de Brunch. Válido para 2 (dos) personas por unica vez.','https://www.alvearpalace.com/restaurantebares/restauranlorangerie/',3,'2020-08-13 20:10:04','2020-08-13 20:10:04','CURRENT_TIMESTAMP'),(11,'Vive Café','Café de Especialidad Colombiano. Desayunos, Jugos Naturales, almojábanas. panes masa madre. smoothies.','buenDia2.png','Incluye menu completo de Desayuno Deluxe donde encontraras opciones dulces y saladas para iniciar la mañana con el alimento más importante del día con un sabor y calidad sin igual. Válido para 2 (dos) personas por unica vez.','https://www.facebook.com/ViveCafeTienda',3,'2020-08-13 20:10:04','2020-08-13 20:10:04','CURRENT_TIMESTAMP'),(12,'Pertutti','Un espacio gastronómico en el que toda la familia puede dejarse atrapar por los sabores de nuestra cocina, nuestra pastelería y el placer de sentirse a gusto. Nuestro restaurante es un espacio en donde toda la familia puede disfrutar, los más chiquitos podrán entretenerse en nuestro sector infantil mientras que los adultos se deleitan en su mesa.','buenDia3.jpg','Incluye un desayuno completo en la histórica cafetería de la Ciudad Autónoma de Buenos Aires. A saber, por persona; 1 infusion, 1 porcion de torta, 1/2 tostado y jugo de naranja natural. Válido para 2 (dos) personas por unica vez.','http://pertutti.com.ar/',3,'2020-08-13 20:10:04','2020-08-13 20:10:04','CURRENT_TIMESTAMP'),(13,'1000 Rosa Negra','Tras más de 20 años de experiencia, 1000 Rosa Negra abre sus puertas y propone un nuevo concepto: disfrutar la mejor cocina internacional en un marco inigualable, de encuentro y distensión para todos.','fancy1.jpg','Incluye un acceso libre al menu para dos personas. Entrada, plato principal, postre y café. Además accederán a una botella de vino de la casa a elección. Válido para 2 (dos) personas por unica vez.','http://www.1000rosanegra.com.ar/',4,'2020-08-13 20:10:04','2020-08-13 20:10:04','CURRENT_TIMESTAMP'),(14,'Happening','Clásica parrilla de costanera norte con más de 50 años de trayectoria, se renueva a lo largo de los años con propuestas de vanguardia tanto en su estética como en su carta. Su elegante decoración genera un ambiente refinado y sobrio donde se pueden degustar exquisitos platos tradicionales de la cocina argentina e internacional, agiornados a las últimas tendencias gastronómicas. Su propuesta más fuerte es la excelencia de su parrilla. La barra propone una coctelería de primer nivel con tragos para todos los paladares.','fancy8.jpg','Incluye un acceso libre al menu para dos personas. Entrada, plato principal, postre y café. Además accederán a una botella de vino de la casa a elección. Válido para 2 (dos) personas por unica vez.','http://www.happening.com.ar/',4,'2020-08-13 20:10:04','2020-08-13 20:10:04','CURRENT_TIMESTAMP'),(15,'La Porteña','Más de 20 años de experiencia hacen de La Porteña el lugar que miles de personas siguen eligiendo a la hora de encontrarse con amigos o en familia para un almuerzo o cena asegurándose un menú que día a día se actualiza en pos de lograr platos sanos y elaborados con productos de primera calidad sin descuidar el equilibrio precicalidad de nuestra carta. Desde el año 1994 en nuestro primer y querido restaurant de Fondo de la Legua en San Isidro trabajamos por estar siempre a la altura de la exigencia de nuestros clientes que desde entonces nos acompañan. Renovando la carta con platos para todos los gustos y necesidades así como la carta de vinos que ofrece una buena variedad de vinos de las mejores bodegas del país a precios realmente competitivos.','fancy7.jpeg','Incluye un acceso libre al menu para dos personas. Entrada, plato principal, postre y café. Además accederán a una botella de vino de la casa a elección. Válido para 2 (dos) personas por unica vez.','http://www.xrestaurantlaporte30b.com.ar/',4,'2020-08-13 20:10:04','2020-08-13 20:10:04','CURRENT_TIMESTAMP'),(16,'La Parolaccia Trattoria San Isidro','La Parolaccia nace en Roma, Italia. A mediados del siglo XX, una familia funda un humilde Restaurante en el tradicional Barrio Trastévere. Su particular modo de recibir a los clientes inspiró al nombre, que se convertiría en un sinónimo del buen comer. Lo llamaron La Parolacciacuyo significado es La Mala Palabrao La Palabrota Dentro de su completa carta, donde las pastas son protagonistas por excelencia, encontrará una amplia variedad de opciones apta para los paladares más exigentes.','fancy6.jpg','Incluye un acceso libre al menu para dos personas. Entrada, plato principal, postre y café. Además accederán a una botella de vino de la casa a elección. Válido para 2 (dos) personas por unica vez.','http://www.laparolaccia.com/historia.php',4,'2020-08-13 20:10:04','2020-08-13 20:10:04','CURRENT_TIMESTAMP'),(17,'Feria Masticar 2021','Masticar nació ligada al producto, porque entendemos que sin insumos de calidad no hay gastronomía posible y porque creemos firmemente que la cocina es una parte fundamental de nuestra cultura. Los sabores nos definen, forman parte de nuestra identidad nacional, nos unen alrededor de una mesa y nos recuerdan de dónde venimos. Un porducto regional es capaz de trasladarnos al pueblo más recóndito del país, mientras que el aroma de una salsa nos lleva directo a la cocina de nuestras abuelas, quienes forjaron nuestro paladar sirviéndonos siempre un poquito más.','streetFood9.jpg','Incluye una entrada a la Feria Masticar del 2021, con acceso a 3 platos de comida en total por única vez para 1 (una) persona, a elección de. agasajado.','https://www.feriamasticar.com.ar/',5,'2020-08-13 20:10:04','2020-08-13 20:10:04','CURRENT_TIMESTAMP'),(18,'Buenos Aires Market','La feria itinerante de alimentos gourmet retoma su recorrido por los barrios porteños en un formato especial.','streetFood2.jpg','El canje de esta experiencia incluye 2 platos a elección del agasajado en total en cualquiera de los puestos de la feria. Puede utilizarse en cualquiera de las ediciones de la feria hasta el 31/12/2022.','https://www.buenosairesmarket.com/',5,'2020-08-13 20:10:04','2020-08-13 20:10:04','CURRENT_TIMESTAMP'),(19,'Che Shawarma','Acercate a probar el mejor Shawarma del territorio argentino. Insumos frescos, una preparación inigualable y un sabor inolvidable. Disfruta de esta comida tradicional en nuestro puesto de El Abanico en Palermo.','streetFood1.jpg','Incluye (uno) de cualquiera de los shawarmas ofrecidos en combo, con papas y gaseosa o cerveza. Válido para 2 (dos) personas por única vez.','https://www.facebook.com/cheshawarma',5,'2020-08-13 20:10:04','2020-08-13 20:10:04','CURRENT_TIMESTAMP'),(20,'Food Fest BA','Food Fest propone un espacio de experiencias, reconceptualizando los eventos de foodtrucks, para disfrutar la mejor comida gourmet acompañada de actividades culturales, como shows de música en vivo y dj ́s con muchísima onda. Te esperamos en LA RURA PREDIO FERIAL DE BUENOS AIRES','streetFood7.jpg','Incluye la entrada al predio y dos platos en combo a elección por única vez para 1 (una) persona, de cualquiera de los puestos.','http://www.foodfest.com.ar/',5,'2020-08-13 20:10:04','2020-08-13 20:10:04','CURRENT_TIMESTAMP'),(21,'La Pecora Nera','En La Pecora Nera usted encontrará un lugar distinto donde los detalles del servicio, la buena y cuidada cocina de nuestro chef y la armonía en la ambientación lo harán vivir una experiencia que querrá repetir. Disfrute de una deliciosa comida italiana como solo nosotros sabemos ofrecer.','mundo5.jpg','Incluye por persona una entrada, un plato principal, un postre y un café. Además podrá elegir entre una copa de vino de la casa o bien una bebida. Válido para 2 (dos) personas por unica vez.','http://www.lapecoranera.com.ar/ristorante/',6,'2020-08-13 20:10:04','2020-08-13 20:10:04','CURRENT_TIMESTAMP'),(22,'Roy Asato Asato Sushi','Nació y creció en Buenos Aires, hijo de madre japonesa y padre occidental, supo aprovechar lo mas rico de ambas culturas y fusionarlo, sin saber que a partir de corta edad empezaba a trazar un camino marcado por la excelencia y el respeto por la gastronomía; amante de los viajes por el mundo, los cuales le permitieron incorporar lo mejor de las diferentes latitudes.','mundo1.jpg','Incluye por persona una entrada, un plato principal, un postre y un café. Además podrá elegir entre una copa de vino de la casa o bien una bebida. Válido para 2 (dos) personas por unica vez.','http://asato.com.ar/m/',6,'2020-08-13 20:10:04','2020-08-13 20:10:04','CURRENT_TIMESTAMP'),(23,'La Fabrica Del Taco','Desde lo más profundo de la Cultura Mexicana llega para sus paladares una comida aunténtica. Hecha por mexicanos para todo el mundo. No somos un restaurante tipo mexicano sino que llevamos a México en la sangre y lo demostramos elaborando para usted nuestra especialidad: tacos, ricos tacos. Agradecemos su visita y esperamos que regresen a casa con una panza llena... Panza llena, corazón contento. Así dice un famoso y sabio refrán mexicano.','mundo3.jpg','Incluye por persona una entrada, un plato principal, un postre y un café. Además podrá elegir entre una copa de vino de la casa o bien una bebida. Válido para 2 (dos) personas por unica vez.','https://lafabricadeltaco.com/',6,'2020-08-13 20:10:04','2020-08-13 20:10:04','CURRENT_TIMESTAMP'),(24,'Renatto Cucina Italiana','Cuidamos cada detalle hasta que el plato final llega a vos. Desde la compra de la materia prima priorizando la calidad de cada producto, el conocimiento de cada ingrediente para aprovecharlo al máximo, hasta la dedicación y amor puestos en cada preparación para que puedas tener todos los sabores de Italia en tu mesa.','mundo6.jpg','Incluye por persona una entrada, un plato principal, un postre y un café. Además podrá elegir entre una copa de vino de la casa o bien una bebida. Válido para 2 (dos) personas por unica vez.','https://renattocucina.com.ar/',6,'2020-08-13 20:10:04','2020-08-13 20:10:04','CURRENT_TIMESTAMP'),(25,'The Oldest','The Oldest es un clásico nacido en 1985. Desde ese entonces, ofrecemos una gran variedad de platos y tragos de autor para que puedas disfrutar.','drinks7.jpg','Incluye por persona 2 tragos de autor a elección del agasajado y 1 a elección de la casa. Válido para 2 (dos) personas por unica vez.','http://theoldest.com.ar/',7,'2020-08-13 20:10:04','2020-08-13 20:10:04','CURRENT_TIMESTAMP'),(26,'Rey de Copas Bar Cultural','En Septiembre del año 2012  abre por primera vez sus puertas Rey de Copas, un espacio ideado desde sus orígenes para combinar un ambiente único que fusiona las diversas artes y elementos culturales del mundo. Si bien desde sus inicios el lado artístico fue fundamental y el ambiente un referente del lugar, también lo fue la gastronomía. Más particularmente su inclinación a la buena coctelerÍa y los sabores tanto exóticos como populares, que completan la experiencia  junto a la cocina que lo acompaña.','drinks8.jpg','Incluye por persona 2 tragos de autor a elección del agasajado y 1 a elección de la casa. Válido para 2 (dos) personas por unica vez.','https://www.reydecopasbarcultural.com/',7,'2020-08-13 20:10:04','2020-08-13 20:10:04','CURRENT_TIMESTAMP'),(27,'Dandy','En el corazón del exclusivo Palermo Chico en 1963 nació el primer Dandy. Con una gran variedad de ofertas exquisitas Dandy fue creciendo y abriendo nuevos locales en Belgrano, Palermo y Acassuso en donde vivir un momento ideal. Dandy es apasionarse por las cosas nuevas y entender que eso muchas veces implica salir del molde y ser distinto. Vení a conocernos.','drinks5.jpg','Incluye por persona 2 tragos a elección del agasajado y 1 a elección de la casa. Válido para 2 (dos) personas por unica vez.','https://somosdandy.com.ar/classic/',7,'2020-08-13 20:10:04','2020-08-13 20:10:04','CURRENT_TIMESTAMP'),(28,'Parque Bar Botánico','Un bar lleno de vegetación. Un patio que invita a quedarse horas. Una barra protagonista. Para que entrar sea salir y salir siempre valga la pena.','drinks1.jpg','Incluye por persona 2 tragos de autor a elección del agasajado y 1 a elección de la casa. Válido para 2 (dos) personas por unica vez.','http://www.parquebar.com/',7,'2020-08-13 20:10:04','2020-08-13 20:10:04','CURRENT_TIMESTAMP'),(29,'Gastón Riveira La Cabrera','Una parrilla bien porteña, a la que extranjeros y locales acuden por igual. Su creador y alma mater, Gastón Riveira, está en todos los detalles, desde la selección de mercadería y el cálculo de costos hasta la prueba de platos e investigación de tendencias. El cocinero de La Cabrera es quien la hizo una de las parrillas más exitosas de Buenos Aires.','invitaChef3.jpg','Incluye una experiencia gastrónomica completa. Entrada, Plato principal, Postre y Café. Válido para 2 (dos) personas por única vez. Los platos serán especialmente por el chef mencionado.','http://lacabrera.com.ar/',8,'2020-08-13 20:10:04','2020-08-13 20:10:04','CURRENT_TIMESTAMP'),(30,'Pablo Massey La Panadería de Pablo','La cocina que propone Pablo Massey en su restaurante es de identidad porteña, con técnicas mediterráneas y productos locales. Vegetales de estación, carnes de pastura, pescas del día y pollos de campo se turnan en el Josper, una combinación entre horno y parrilla que otorga sabor, textura y cocción perfectos.','invitaChef2.jpg','Incluye una experiencia gastrónomica completa. Entrada, Plato principal, Postre y Café. Válido para 2 (dos) personas por única vez. Los platos serán especialmente por el chef mencionado.','https://www.lapanaderiadepablo.com/',8,'2020-08-13 20:10:04','2020-08-13 20:10:04','CURRENT_TIMESTAMP'),(31,'Pepe Sotelo Don Julio','La parrilla palermitana se precia de sus carnes y sus vinos y tiene con qué: está entre los 50 mejores restaurantes del mundo (más específicamente, en el puesto número 34 de The World s 50 Best). Don Julio (del sommelier y empresario argentino Pablo Jesús Rivero) tiene el mejor asado del país y el responsable de la parrilla, desde que abrió, es Pepe Sotelo. Maestro absoluto.','invitaChef1.jpg','Incluye una experiencia gastrónomica completa. Entrada, Plato principal, Postre y Café. Válido para 2 (dos) personas por única vez. Los platos serán especialmente por el chef mencionado.','https://www.parrilladonjulio.com/',8,'2020-08-13 20:10:04','2020-08-13 20:10:04','CURRENT_TIMESTAMP'),(32,'Sucre','Varios galardones a lo largo de 19 años de trayectoria avalan la cocina contemporánea argentina de Fernando Trocca, donde priman los productos locales de estación y orgánicos. Grill, parrilla y spiedo a la leña de quebracho se asoman en la cocina a la vista, de la que emergen las más creativas fusiones de uno de los chefs más aclamados del país.','invitaChef5.jpg','Incluye una experiencia gastrónomica completa. Entrada, Plato principal, Postre y Café. Válido para 2 (dos) personas por única vez. Los platos serán especialmente por el chef mencionado.','http://www.sucrerestaurant.com.ar/',8,'2020-08-13 20:10:04','2020-08-13 20:10:04','CURRENT_TIMESTAMP'),(33,'The Burger Company','En TBC no copiamos una hamburguesa, la reinventamos. Desarrollamos una receta exclusiva, utilizando un blend de 3 cortes distintos de carne 100% vacuna proveniente de los mejores campos del pais. Y un pan casero especialmente desarrollado por un productor local para nosotros.','burger1.jpg','Incluye una hamburguesa en combo por persona a eleccion con bebida. Válido para 2 (dos) personas por unica vez.','http://www.theburgercompany.com.ar/',9,'2020-08-13 20:10:04','2020-08-13 20:10:04','CURRENT_TIMESTAMP'),(34,'Dogg','En una casa de falmilia un mediodía de domingo se despertaron por un aroma muy particular. La dueña de la casa estaba haciendo salchichas a la parrilla. Desde ese día, Máximo tiene un especial fanatismo y pasión por la cocina americana clásica y los hot dogs. Años después, cuando volvió a vivir a Buenos Aires, organizó un viaje con sus amigos a Estados Unidos. Y lo primero que hizo la noche en que llegaron, fue prepararles hot dogs a la parrilla. Ese espíritu, de invitar a amigos a comer lo que más le gusta, fue lo que lo llevó a crear Dogg, que en la lengua urbana de los afroamericanos significa amigo.','burger2.jpg','Incluye una hamburguesa en combo por persona a eleccion con bebida. Válido para 2 (dos) personas por unica vez.','http://www.dogghouse.com.ar/',9,'2020-08-13 20:10:04','2020-08-13 20:10:04','CURRENT_TIMESTAMP'),(35,'Burgertify','Templo de las hamburguesa y los 8BITS. Sabor intenso con un toque Geek.','burger3.jpg','Incluye una hamburguesa en combo por persona a eleccion con bebida. Válido para 2 (dos) personas por unica vez.','http://burgertify.com/',9,'2020-08-13 20:10:04','2020-08-13 20:10:04','CURRENT_TIMESTAMP'),(36,'Burger54','Trabajamos con carne que proviene de animales que nunca fueron tratados con antibióticos u hormonas o que fueron alimentados con cualquier producto derivado de animales. Nos preocupamos por nuestra carne de res y el ganado del que procede, por lo que nos aseguramos de que se críen de la mejor manera, en campo y libertad.','burger4.jpg','Incluye una hamburguesa en combo por persona a eleccion con bebida. Válido para 2 (dos) personas por unica vez.','http://www.burger54.com/',9,'2020-08-13 20:10:04','2020-08-13 20:10:04','CURRENT_TIMESTAMP'),(37,'Autre Monde','Autre Monde propone acercarse al vino de manera natural y relajada, asesorarse, elegir, recibir un trato más personal, en un espacio moderno, con un ambiente íntimo.','copas3.jpg','Incluye una degustación guiada de vinos de 5 pasos con una picada de gran nivel para 1 (una) persona por única vez.','http://www.autremonde.com.ar/',10,'2020-08-13 20:10:04','2020-08-13 20:10:04','CURRENT_TIMESTAMP'),(38,'La Cava Jufré','Donde funcionara antiguamente el Café de Los Músicos,  decidimos abrir un espacio dedicado exclusivamente al Culto del Vino,  donde la música y el ambiente con reminiscencias de los viejos bares de Buenos Aires, invitan copa mediante, a la charla, a la relajación,  y al regocijo del espiritu. Este lugar fue creado para recibir a aquellos que buscan algunos de los mejores Vinos, para degustarlos en nuestra Cava; o simplemente para adquirirlos y llevarlos consigo.','copas5.jpg','Incluye una degustación guiada de vinos de 5 pasos con una picada de gran nivel para 1 (una) persona por única vez.','https://lacavajufre.com.ar/',10,'2020-08-13 20:10:04','2020-08-13 20:10:04','CURRENT_TIMESTAMP'),(39,'Lo de Joaco Alberdi','Catamos vino, escuchamos historias y bromeamos hasta que te canses de reír. Si te gusta el vino ...Vení y vemos qué pasa… Siempre hay vino para degustar, visitas de enólogos... JA es la embajada del vino argentino en BA.','copas1.jpg','Incluye una degustación guiada de vinos de 5 pasos con una picada de gran nivel para 1 (una) persona por única vez.','https://lodejoaquinalberdi.com/',10,'2020-08-13 20:10:04','2020-08-13 20:10:04','CURRENT_TIMESTAMP'),(40,'Club Segunda Copa','Segunda Copa es el lugar ideal para los amantes de los buenos vinos y espumantes, desde el año 2009 recorremos apasionadamente los caminos del vino, haciendo eco de los cambios y de las transformaciones que son una constante en el Trade. Nos especializamos en la búsqueda de partidas de vinos y champañas; orientados especialmente a asesorar a catadores y grandes sibaritas a quienes ofrecemos una selecta gama de productos de excelente calidad; algunos aún desconocidos para el mercado local por su carácter de exportables y perfil de exclusivo. Los mismos son seleccionados y monitoreados en su elaboración por nuestro equipo de especialistas; coordinados por Mariano Toscano, Sommelier y Juez Internacional, IWSC. London, United Kingdom; uno de los tres certámenes mas importantes del mundo.','copas4.jpg','Incluye una degustación guiada de vinos de 5 pasos con una picada de gran nivel para 1 (una) persona por única vez.','https://segundacopa.com.ar/',10,'2020-08-13 20:10:04','2020-08-13 20:10:04','CURRENT_TIMESTAMP'),(41,'Vico Wine Bar','Un restó wine bar al parecer único en su especie o el primero en Buenos Aires, con profesionales del vino y tragos a la cabeza, tecnología de punta, y experiencia gastronómica. Se llama VICO (de vino y copas), y está dedicado a los que disfrutan el vino no solo en la mesa con servicio de sommelier, sino también a los que eligen su botella, entres cientos de ellas, en los dispensers de diseño italiano wineemotion.','wine1.jpg','Incluye una cata de vino para 2 (dos) a lo largo de una cena con entrada, plato principal y postre por persona por única vez.','https://vicowinebar.com.ar/palermo/',11,'2020-08-13 20:10:04','2020-08-13 20:10:04','CURRENT_TIMESTAMP'),(42,'Bodega Negra','Una propuesta que reúne los dos amores de la gastronomía argentina: la carne a las brasas y el vino. Esta parrilla premium también tiene pastas y otras delicias que podés acompañar con su extensa carta de vinos seleccionados.','wine8.jpg','Incluye una cata de vino para 2 (dos) a lo largo de una cena con entrada, plato principal y postre por persona por única vez.','https://www.guiaoleo.com.ar/restaurantes/Bodega-Negra-15296',11,'2020-08-13 20:10:04','2020-08-13 20:10:04','CURRENT_TIMESTAMP'),(43,'Taninos','Al lado de La Estación del Vino, este restó y parrilla gourmet acerca una propuesta culinaria y enológica inigualable. La variedad de botellas, al precio de la vinería, supera las 1500 etiquetas. Sumales pulpo, centolla, pastas o carnes.','wine7.jpg','Incluye una cata de vino para 2 (dos) a lo largo de una cena con entrada, plato principal y postre por persona por única vez.','https://www.facebook.com/TaninosRestaurant',11,'2020-08-13 20:10:04','2020-08-13 20:10:04','CURRENT_TIMESTAMP'),(44,'Ocho Cepas','Del viñedo a tu mesa. A este restó que se especializa en carnes y pescados a las brasas no le podía faltar una carta de vinos con etiquetas de las bodegas mendocinas más prestigiosas. Dejate asesorar por los que saben.','wine6.jpg','Incluye una cata de vino para 2 (dos) a lo largo de una cena con entrada, plato principal y postre por persona por única vez.','http://www.experiencemendoza.com/es/qu%C3%A9-hacer/cenar/ocho-cepas/',11,'2020-08-13 20:10:04','2020-08-13 20:10:04','CURRENT_TIMESTAMP'),(45,'El Imparcial','En el restaurante más antiguo de Buenos Aires, los años vienen con larga data de tradición. Un clásico de gastronomía española donde el cocinero manda, los mozos son históricos y el puchero mixto nunca falla. Tentate sin dudarlo con cualquiera de las especialidades de su carta y entregate al placer en este porteñísimo salón.','bodegon1.jpg','Incluye un acceso libre al menu para dos personas. Entrada, plato principal, postre y café. Además accederán a una botella de vino de la casa a elección. Válido para 2 (dos) personas por unica vez.','http://www.elimparcialbsas.com.ar/',12,'2020-08-13 20:10:04','2020-08-13 20:10:04','CURRENT_TIMESTAMP'),(46,'La Popular San Telmo','Su nombre lo dice todo: es un lugar sin pretensiones y con alma futbolera. Un punto de encuentro para disfrutar con amigos y, por qué no, hablar de fútbol. En esta parrilla el asado siempre es una buena idea; también salen mucho la lasaña casera, el pechito de cerdo y la hamburguesa de cordero. De postre, zapallos en almíbar, obvio.','bodegon5.jpg','Incluye un acceso libre al menu para dos personas. Entrada, plato principal, postre y café. Además accederán a una botella de vino de la casa a elección. Válido para 2 (dos) personas por unica vez.','https://www.facebook.com/lapopulardesantelmo/',12,'2020-08-13 20:10:04','2020-08-13 20:10:04','CURRENT_TIMESTAMP'),(47,'Bodegón Núñez','Comida porteña en su máxima expresión. Todos los platos son para compartir, así que es ideal para ir de a muchos y probar un poco de todo. Las innumerables milanesas son impresionantes (la de jamón y morrón especialmente) y tienen pastas caseras imperdibles ¡probá los canelones!. Guardá lugar para los panqueques con dulce de leche.','bodegon9.jpg','Incluye un acceso libre al menu para dos personas. Entrada, plato principal, postre y café. Además accederán a una botella de vino de la casa a elección. Válido para 2 (dos) personas por unica vez.','https://www.facebook.com/BodegonNunez/',12,'2020-08-13 20:10:04','2020-08-13 20:10:04','CURRENT_TIMESTAMP'),(48,'El Bohemio','Un cafecito de barrio con alma de bodegón, alojado en una casona antigua de Villa Urquiza. Perfecto para un rico café en la vereda, tiene propuestas para todo el día. Además de probar sus platos caseros, podés refugiarte en su salón para disfrutar unas buenas medialunas, una clásica porción de tostadas o unos chipás calentitos.','bodegon10.jpg','Incluye un acceso libre al menu para dos personas. Entrada, plato principal, postre y café. Además accederán a una botella de vino de la casa a elección. Válido para 2 (dos) personas por unica vez.','https://www.facebook.com/elbohemiocafe/',12,'2020-08-13 20:10:04','2020-08-13 20:10:04','CURRENT_TIMESTAMP'),(49,'Veggie Medio Oriente','Disfrutá de una mezcla de sabores inigualables elaborados a base de especias, granos y un sinfín de vegetales como pimiento, cebolla, tomate, garbanzos, berenjenas.','veggie5.jpg','Incluye un acceso libre al menu para dos personas. Entrada, plato principal, postre y café. Además accederán a una botella de vino de la casa a elección. Válido para 2 (dos) personas por unica vez.','http://www.artemisianatural.com/',13,'2020-08-13 20:10:04','2020-08-13 20:10:04','CURRENT_TIMESTAMP'),(50,'Buenos Aires Verde','Buenos Aires Verde te invita a descubrir el concepto de alimentación inteligente con propuestas vegetarianas, veganas y raw, orgánicas o libres de agroquímicos. Vení a sorprenderte y reencontrarte.','veggie4.jpg','Incluye un acceso libre al menu para dos personas. Entrada, plato principal, postre y café. Además accederán a una botella de vino de la casa a elección. Válido para 2 (dos) personas por unica vez.','https://bsasverde.com/',13,'2020-08-13 20:10:04','2020-08-13 20:10:04','CURRENT_TIMESTAMP'),(51,'Green Factory','GreenFactory fue concebido con el objetivo de promover el respeto hacia los animales y el medio ambiente. Con este propósito trabajamos en el desarrollo de productos alimenticios innovadores y de excelente calidad. Las materias primas que utilizamos son cuidadosamente seleccionadas y cada una de las etapas de la producción es optimizada para ser eficiente y responsable con el entorno. Nuestros platos son elaborados con ingredientes 100% de origen vegetal. No utilizamos ningún producto animal ni derivados.','veggie2.jpg','Incluye un acceso libre al menu para dos personas. Entrada, plato principal, postre y café. Además accederán a una botella de vino de la casa a elección. Válido para 2 (dos) personas por unica vez.','http://www.greenfactory.com.ar/index.php',13,'2020-08-13 20:10:04','2020-08-13 20:10:04','CURRENT_TIMESTAMP'),(52,'Tēdelūpulo','Tēdelūpulo es el primer spa de cerveza de la Argentina porque se anima a combinar elementos clāsicos de spa  sauna, hidro, duchas y masajes con aspectos lūdicos, sociales y artísticos. Cientos han probado, han recomendado y, con sus hermosos comentarios, han permitido a Tēdelūpulo ser el spa #1 del país segūn TripAdvisor, y el mās y mejor valorado en las reseñas de Google.','relax2.jpg','Podrás acceder a 1 (uno) circuito de experiencias multisensoriales de agua, cuerpo y cerveza.','https://tedelupulo.com.ar/',14,'2020-08-13 20:10:04','2020-08-13 20:10:04','CURRENT_TIMESTAMP'),(53,'Aires Buenos Beauty Spa','SPA DAY Masajes, Estética, Reiki, Sanación con Cristales, Meditación, Talleres de Terapias Holísticas, Coaching en Crecimiento Personal, Artículos de Salud y Bienestar','relax4.jpg','Podrás acceder a 1 (una) experiencia a eleccion de cualquiera de sus categorias: Terapias Holisticas o Crecimiento Personal.','http://www.airesbuenospa.com/',14,'2020-08-13 20:10:04','2020-08-13 20:10:04','CURRENT_TIMESTAMP'),(54,'Top Secret Spa','Top Secret Spa es un Centro de Experiencias faciales y corporales que brinda un servicio profesional, de calidad y excelencia. Trabajan con equipo humano apasionado que ama lo que hace, tecnología de vanguardia y productos certificados internacionalmente para poder garantizar qué todas sus experiencias sean una combinación de resultados, relajación y confort.','relax3.jpg','Podrás acceder a 1 (uno) de los 10 tratamientos que ofrecen.','https://www.topsecretspa.com.ar/',14,'2020-08-13 20:10:04','2020-08-13 20:10:04','CURRENT_TIMESTAMP'),(55,'Massage Therapist Pablo González','Formado como LMT (Licensed Massage therapist ) en los Estados Unidos, habiendo sumado expertise por 11 años,  en spas , hoteles 5 estrellas y hogares particulares  en dos países. El Licenciado Pablo González  provee servicios profesionales  de Masaje terapéutico de tejido profundo. El profesionalismo, la atención al detalle y su técnica de aplicación de Masajes son sus valores más reconocidos por los clientes.','relax5.jpg','Podrás acceder a 1 (uno) de los servicios de masajes de Pablo Gonzales de hasta 60 minutos de duracion de la modalidad que selecciones.','https://pablogonzalez.business.site/',14,'2020-08-13 20:10:04','2020-08-13 20:10:04','CURRENT_TIMESTAMP'),(56,'Make Over Lab','Makeover Lab es la nueva forma de estudiar maquillaje y la primera en ofrecer una visión global de la profesión. Formamos a grandes profesionales, desde la mejor de las experiencias  en un ambiente cálido y humano. Cada día más profesionales nos eligen tanto en el país como del el exterior. Vos sos el siguiente!.','makeUp1.jpg','Podrás acceder a 1 (uno) curso de AUTOMAQUILLAJE ONLINE por única vez.','http://makeoverlab.com.ar/automaquillaj2/',15,'2020-08-13 20:10:04','2020-08-13 20:10:04','CURRENT_TIMESTAMP'),(57,'Silvina Bustos MakUp Studio','AUTOMAQUILLAJE ONLINE. Con este curso personalizado, vas a aprender a destacar lo mejor de vos! Ayudándote a preparar la piel y disimular imperfecciones.  Aprenderás los mejores hacks, conocerás las últimas tendencias sin moverte de tu casa desde cualquier dispositivo!','makeUp5.jpg','Podrás acceder a 1 (uno) curso de AUTOMAQUILLAJE ONLINE por única vez.','https://www.silvanabustos.com.ar/',15,'2020-08-13 20:10:04','2020-08-13 20:10:04','CURRENT_TIMESTAMP'),(58,'Bettina Frumboli','Hace ya más de 22 años que Bettina Frumboli trabaja como Make Up artist creando tendencias para campañas de reconocidas marcas, siendo también la elegida de celebrities como Marcela Kloosterboer, Oriana Sabatini, Eugenia La China Suárez, Eva de Dominici, Julieta Cardinali, Valentina Zenere, entre otras.','makeUp4.jpg','Podrás acceder a 1 (uno) curso de AUTOMAQUILLAJE ONLINE por única vez.','https://www.bettinafrumboli.com/',15,'2020-08-13 20:10:04','2020-08-13 20:10:04','CURRENT_TIMESTAMP'),(59,'Centro Medico Escuela','El curso de automaquillaje está destinado a todas aquellas quieran aprender las técnicas y trucos para lucir de la manera mas radiante y atractiva. El objetivo principal es que aprendas a resaltar las virtudes de tu rostro.','makeUp3.jpg','Podrás acceder a 1 (uno) curso de AUTOMAQUILLAJE ONLINE por única vez.','http://www.centromedicoescuela.com.ar/',15,'2020-08-13 20:10:04','2020-08-13 20:10:04','CURRENT_TIMESTAMP'),(60,'Spa Melia Buenos Aires','El Spa del Hotel Melia Buenos Aires tiene una privilegiada ubicación en la zona de Retiro, Microcentro, posee un completo Health Club de más de 300 metros cuadrados, con sala de relax, vestuarios, piscina cubierta y climatizada, sauna. jacuzzi y gimnasio.','spa4.jpg','El servicio incluye acceso a pileta cubierta y climatizada, sauna, hidromasaje y gym, además de sala de relax con agua saborizada, té de hierbas y masaje de 30 minutos. Incluye bata, toalla, pantuflas y lockers individuales. La sesión de 3 horas es válida para ambos sexos.','https://www.spameliaba.com/',16,'2020-08-13 20:10:04','2020-08-13 20:10:04','CURRENT_TIMESTAMP'),(61,'Spa Howard Jhonson San Pedro','El spa tiene una superficie de 1200 m2 dedicados exclusivamente al cuidado de la salud y belleza. Ubicado a 90 minutos de la capital, ofrece masajes descontracturantes, pileta de agua climatizada y espacios al aire libre con palmeras y playa.','spa3.jpg','El circuito de spa incluye: Circuito hídrico (sauna, pileta cubierta climatizada y mineralizada), Sala de relajación, Masaje descontracturante de 30 minutos. El servicio incluye toallas. La duración es de aproximadamente 3 horas.','http://www.hjsanpedroresort.com.ar/spa.html',16,'2020-08-13 20:10:04','2020-08-13 20:10:04','CURRENT_TIMESTAMP'),(62,'Howard Johnson Pilar','El Howard Johnson, que se ubica a solo 40 minutos de Buenos Aires, es un lugar apto para el descanso que brinda conexión WFi y servicios de spa.','spa1.jpg','Incluye: Hidromasaje spa, Piscina climatizada, Ducha escocesa, Sauna seco, Sauna de vapor, Gimnasio, Cancha de tenis, Masaje de 50 minutos, Toallas y bata, Acceso a amenities cancha de fútbol, tejo, pool, metegol, ping pong, footgolf y voley. Duración del día de spa: 6 horas.','https://hjpilar.com.ar/',16,'2020-08-13 20:10:04','2020-08-13 20:10:04','CURRENT_TIMESTAMP'),(63,'Estancia Spa del Río','Entre sus comodidades posee 2 áreas de piscinas: una cubierta y climatizada con una piscina y jacuzzi para 6 personas; otra descubierta, donde se puede optar por una piscina lúdica, una de nado contra corriente y un jacuzzi. Además cuenta con senderos y pasarelas para caminatas, gimnasio, servicio de Internet, TV satelital y seguridad permanente.','spa2.jpg','Con este Memorie accederá a todas las actividades de la estancia, incluido un circuito completo de spa.','http://www.estanciasargentinas.com/',16,'2020-08-13 20:10:04','2020-08-13 20:10:04','CURRENT_TIMESTAMP'),(64,'Estancia La Estrella','Cumpliendo con los estándares de excelencia en servicio y atención, La Estrella dispone de un staff de profesionales preparados para ofrecerles a sus huéspedes propuestas exclusivas para que disfruten de una experiencia única.','DeADos3.jpg','En La Estrella, podrán realizarse múltiples actividades recreativas al aire libre, como: Trekking; Avistaje de ciervos, llamas, ñandúes y zorros; Cabalgatas; Paseo en bicicleta; Piscina exterior; Cancha de tenis; Visita rural, circuitos agrícolganadero; Tiro con arco y flecha. Todas ellas incluídas con la compra del Memorie. Además cuenta con dos comidas completas y la estadía de una noche en la Estancia.','http://www.estancialaestrella.com/',17,'2020-08-13 20:10:04','2020-08-13 20:10:04','CURRENT_TIMESTAMP'),(65,'Estancia La Horqueta','Se encuentra en Chascomús, a 120 kilómetros de Buenos Aires, a orillas de la Laguna Vitel, y con acceso directo por la Ruta 2. Brindamos alojamiento en 14 habitaciones distribuidas en dos casas. El predio está rodeado por un magnífico parque de variadas especies, del bellísimo espejo de agua que foma la laguna y del incomparable cielo pampeano.','DeADos2.png','Con este Memorie accederá a todas las actividades de la estancia, entre ellas a una cata de vinos, una cabalgata y acceso a la piscina. Además cuenta con dos comidas completas y la estadía de una noche en la Estancia.','http://www.lahorqueta.com/landing/lahorqueta.html',17,'2020-08-13 20:10:04','2020-08-13 20:10:04','CURRENT_TIMESTAMP'),(66,'Delta Eco Hotel','El perfecto recreo de la ciudad. Un remanso lugar a una hora del Obelisco. Enmarcado en un sitio natural privilegiado, rodeado de los verdes más diversos, ideales para que su estadía sea inolvidable.','DeADos4.jpg','Podrá acceder a las instalaciones por todo un fin de semana junto a su pareja y a la experiencia Romántica de SPA, que consta de un baño de hidroterapia, 2 masajes descontracturantes y relajantes aromas, una botella de vino Agape Malbec y una botella de espumante para dos personas.','https://www.deltaeco.com.ar/',17,'2020-08-13 20:10:04','2020-08-13 20:10:04','CURRENT_TIMESTAMP'),(67,'Aquae Sulis Spa Resort','Te damos la bienvenida a un mundo de placer en el que todo se ha creado para tu bienestar. Un nuevo marco de hospitalidad y confort con sencillez, elegancia y un impecable servicio personal. Exclusiva propuesta de relax y esparcimiento a 96 Km. de Buenos Aires y a 60 Km. del aeropuerto de Ezeiza, en Lobos, con acceso por autopista desde la ciudad de Buenos Aires.','DeADos5.jpg','Incluye una experiencia SPA ALL INCLUSIVE, con la cual a lo largo del fin de semana de estadía podrá acceder usted y su acompañante a los distintos tratamientos e instalaciones. Además incluye 3 comidas para dos personas y la estadía de una noche en habitacion para dos.','https://www.aquaesulis.com.ar/',17,'2020-08-13 20:10:04','2020-08-13 20:10:04','CURRENT_TIMESTAMP'),(68,'Little Ranch','En Little Ranch Hotel Spa encontrarás todo lo necesario para tu relax. Te brindamos un espacio especial, rodeado de verde y tranquilidad, con un servicio personalizado, cuidado en cada uno de sus detalles. Piscina al aire libre, piscina cubierta climatizada, 2 hidromasajes a distintas temperaturas, sauna seco a 80’ C y Sauna húmedo a 50 º, parque, quinchos, camas paraguayas, reposeras, cancha de fútbol 5, juegos y más. También contamos con un Restarurant cocina ítalo americana y espacios para realizar el evento de tus sueños.','aire3.jpg','Para que puedas desconectarte de la ciudad, esto te incluye un día de campo y SPA completo incluyendo por persona el ingreso al establecimiento, un almuerzo, una merienda, y 3 actividades a elección en el día. Válido para 2 (dos) personas por unica vez.','https://littleranch.com.ar/',18,'2020-08-13 20:10:04','2020-08-13 20:10:04','CURRENT_TIMESTAMP'),(69,'Estancia de Lobos','Un lugar nuevo que invita a pasar unos días conectado a la serenidad del Campo, donde el contacto con la naturaleza prevalece. Ideal para desenchufarse y cargar pilas.','aire1.jpg','Incluye una estadía de una noche en Casa de Campo con acceso a las instalaciones incluido el sauna. Además cuenta con almuerzo y cena por persona durante su escapada. Válido para 2 (dos) personas por unica vez.','http://www.estanciadelobos.com.ar/',18,'2020-08-13 20:10:04','2020-08-13 20:10:04','CURRENT_TIMESTAMP'),(70,'Estancia El Cencerro','Abrir las tranqueras de la Estancia El Cencerro significó tener presentes todas nuestras creencias y sentimientos en lo que hace al placer de viajar. Es una filosofía de vida lo que queremos transmitirles y compartir con ustedes, nuestros huéspedes. ¡Bienvenidos!','aire2.jpg','Para que puedas desconectarte de la ciudad, esto te incluye un día de campo completo incluyendo por persona el ingreso al establecimiento, un almuerzo, una merienda, y 3 actividades a elección en el día. Válido para 2 (dos) personas por unica vez.','http://www.estanciaelcencerro.com.ar/home.php?lang=es',18,'2020-08-13 20:10:04','2020-08-13 20:10:04','CURRENT_TIMESTAMP'),(71,'La Casa de Campo Hippie Chic','Nuestra Casa de Campo se encuentra en  San Antonio de Areco . Estamos a 100 kms de CABA (Acceso desde RN8 ó RN7 y luego RP 41). La plaza principal del pueblo dista a 7 minutos de auto. El hotel invita a una caminata, tomar unos mates o solo disfrutar del sosiego del lugar.','aire5.jpg','Para que puedas desconectarte de la ciudad, esto te incluye un día de campo completo incluyendo por persona el ingreso al establecimiento, un almuerzo, una merienda, y 3 actividades a elección en el día. Válido para 2 (dos) personas por unica vez.','https://lperdidhotedcampo.negocio.site/?utm_source=gmb&utm_medium=referral',18,'2020-08-13 20:10:04','2020-08-13 20:10:04','CURRENT_TIMESTAMP'),(72,'Hotel AGUA Y MADERA','Situado en la ciudad de San Miguel del Monte, a solo una hora de viaje desde Capital Federal o de La Plata, el Hotel Agua y Madera le brinda todas las posibilidades para disfrutar de una grata estadía. La rústica calidez de la madera con la que están construidas nuestras cabañas, combinada con una inigualable vista de la laguna de Monte, son los elementos que nos permiten ofrecerle un lugar ideal.','finde8.jpg','Este Memorie es perfecto para tener un finde OFF. Incluye estadía de una noche, válido para feriados. Además cuenta con 2 comidas por persona a eleccion de quienes lo utilicen. Tendrá acceso a la pileta y a un masaje por persona. Válido para 2 (dos) personas por unica vez.','http://www.aguaymadera.com.ar/',19,'2020-08-13 20:10:04','2020-08-13 20:10:04','CURRENT_TIMESTAMP'),(73,'Hotel San Pedro Palace','Antiguamente este hotel de arquitectura italiana, construido en 1898, fue el primer hotel en la ciudad de san pedro, y ha sido reconocido por nuestras autoridades locales como patrimonio histórico. Con el tiempo la propiedad paso por diferentes dueños y cambio su funcionalidad hotelera a ser un almacén de barrio, bar, gimnasio entre otras funciones. En este momento regresa a su primer inicio como san pedro palace hotel, marcando por sobre todas las cosas un trato personalizado a nuestros huéspedes.','finde6.jpg','Este Memorie es perfecto para tener un finde OFF. Incluye estadía de una noche, válido para feriados. Además cuenta con 2 comidas por persona a eleccion de quienes lo utilicen. Tendrá acceso a la pileta y a un masaje por persona. Válido para 2 (dos) personas por unica vez.','https://sanpedropalacehotel.com/',19,'2020-08-13 20:10:04','2020-08-13 20:10:04','CURRENT_TIMESTAMP'),(74,'Hotel Carhué Spa Termal','Somos hijos de hoteleros de Lago Epecuén, lo que nos otorga una trayectoria de más de 40 años de servicio y experiencia en la rama. Eso nos llevó a ser pioneros en la hotelería carhuense, y avocarnos a la superación personal y optimización de los servicios en pos de satisfacer a nuestros clientes y amigos.','finde4.jpg','Este Memorie es perfecto para tener un finde OFF. Incluye estadía de una noche, válido para feriados. Además cuenta con 2 comidas por persona a eleccion de quienes lo utilicen. Tendrá acceso a la pileta y a un masaje por persona. Válido para 2 (dos) personas por unica vez.','http://www.hotelcarhue.com.ar/',19,'2020-08-13 20:10:04','2020-08-13 20:10:04','CURRENT_TIMESTAMP'),(75,'Posada Suiza by Prima Collection','Posada Suiza by Prima Collection es un hotel 3 estrellas ubicado en San Miguel del Monte a 120 km de Capital Federal, que ofrece un espacio pensado exclusivamente para disfrutar tanto con la familia  como con amigos.  Animate a una escapada única con opciones  tanto en nuestro spa, nuestras piletas interna y externa, con la mejor gastronomía casera y otras actividades al aire libre como caminatas alrededor de la laguna, cabalgatas, paseos en bicicleta son algunas de las actividades que podrá disfrutar durante su estadía.','finde3.jpg','Este Memorie es perfecto para tener un finde OFF. Incluye estadía de una noche, válido para feriados. Además cuenta con 2 comidas por persona a eleccion de quienes lo utilicen. Tendrá acceso a la pileta y a un masaje por persona. Válido para 2 (dos) personas por unica vez.','https://www.dohotels.com/es/posadsuizbprimcollection',19,'2020-08-13 20:10:04','2020-08-13 20:10:04','CURRENT_TIMESTAMP'),(76,'Temaiken','Trabajamos para conservar especies amenazadas  y ecosistemas autóctonos, involucrando a través de la educación para reconectar al ser humano con la naturaleza. Para lograrlo, desarrollamos proyectos de alto valor para la biodiversidad  y promovemos el fortalecimiento del compromiso social. Vení a conocernos, una experiencia imperdible!','exotico7.jpg','Incluye una entrada al bioparque por persona. Válido para 2 (dos) personas por unica vez.','https://www.temaiken.org.ar/',20,'2020-08-13 20:10:04','2020-08-13 20:10:04','CURRENT_TIMESTAMP'),(77,'Mundo Marino','Para conectarse con el oceano, con la fauna, animales excelentemente cuidados por especialistas. Podrás ver excelentes espectáculos con delfines hasta orcas. Ideal para los amantes del agua.','exotico2.jpg','Incluye una entrada por dos días al parque siendole posible acceder un fin de semana completo por persona. Además con la entrada contará con descuento exclusivo para hospedarse en las zonas aledañas al complejo.  Válido para 2 (dos) personas por unica vez.','https://www.mundomarino.com.ar/',20,'2020-08-13 20:10:04','2020-08-13 20:10:04','CURRENT_TIMESTAMP'),(78,'Parque de la Costa','Parque de diversiones sin igual a tan solo unos minutos de la Ciudad Autonoma de Buenos Aires. Ideal para cualquier edad y gusto. Adrenalina, emoción, pero sobre todo, recuerdos. Disfrute un excelente día.','exotico5.jpg','Incluye un pasaporte oro por persona dandole acceso ilimitado a las atracciones del parque por dos días consecutivos. Válido para 2 (dos) personas por unica vez.','https://www.parquedelacosta.com.ar/',20,'2020-08-13 20:10:04','2020-08-13 20:10:04','CURRENT_TIMESTAMP'),(79,'Sea World','Sumérgete en las maravillas de SeaWorld Orlando® donde el universo marino es el protagonista. Siente el poder de un depredador. Mira el mundo a través de los ojos de un pingüino, conoce los peligros a los que se enfrentan las tortugas. Vive el poder y la gracia de las orcas en la presentación de Shamú, One Ocean®. ¡Sumérgete en esta aventura!','exotico4.jpg','Incluye un pasaporte oro por persona dandole acceso ilimitado a las atracciones del parque por dos días consecutivos. Válido para 2 (dos) personas por unica vez.','https://seaworld.com/',20,'2020-08-13 20:10:04','2020-08-13 20:10:04','CURRENT_TIMESTAMP'),(80,'Tequendama Villa Gesell','Hostería Tequendama Spa & Resort nació hace treinta años como un proyecto familiar.  Sus propietarios, la familia Centric, llegaron a las costas de Villa Gesell con el propósito de hacer realidad su sueño.  Hoy Hostería Tequendama Spa & Resort lleva 30 años brindando sus servicios y caracterizándose por la calidad en su atención personalizada de criterio internacional. Con dos pilares fundamentales; una infraestructura de última generación y un equipo de trabajo altamente capacitado, que brinda atención diferenciada a cada huésped; se ha posicionado como una de las mejores opciones en la costa argentina.','deluxe.jpg','Para que te olvides de la ciudad te traemos este Memorie de lujo. Tendrás acceso a todas las instalaciones del establecimiento, 3 comidas por persona, válido unicamente para fines de semana. Incluye la estadía en una suite para dos. Válido para 2 (dos) personas por unica vez.','https://www.tequendama.com.ar/',21,'2020-08-13 20:10:04','2020-08-13 20:10:04','CURRENT_TIMESTAMP'),(81,'Torres de Manantiales','Sobre la Bahía Varese, en el mejor lugar de la costa del Mar del Plata, se eleva Torres de Manantiales – Apart Hotel. Cómodos departamentos con vista al mar y todos los beneficios de un hotel de nivel internacional. Integrado a la propuesta de servicios de las Torres y a 23km hacia el sur de la ciudad se encuentra Manantiales Club de Mar, balneario privado y Manantiales Spa de Mar, primer centro de talasoterapia de America del sur donde el poder del agua de mar es utilizado para tratamientos de relax, belleza y salud.','deluxe4.jpg','Para que te olvides de la ciudad te traemos este Memorie de lujo. Tendrás acceso a todas las instalaciones del establecimiento, 3 comidas por persona, válido unicamente para fines de semana. Incluye la estadía en una suite para dos. Válido para 2 (dos) personas por unica vez.','http://manantiales.com.ar/',21,'2020-08-13 20:10:04','2020-08-13 20:10:04','CURRENT_TIMESTAMP'),(82,'Carilo Soleil','Ubicado sobre un médano a orillas del mar, Cariló Soleil, complejo de departamentos sobre la playa, está totalmente equipado para unas vacaciones perfectas.','deluxe3.jpg','Para que te olvides de la ciudad te traemos este Memorie de lujo. Tendrás acceso a todas las instalaciones del establecimiento, 3 comidas por persona, válido unicamente para fines de semana. Incluye la estadía en una suite para dos. Válido para 2 (dos) personas por unica vez.','https://www.carilosoleil.com/',21,'2020-08-13 20:10:04','2020-08-13 20:10:04','CURRENT_TIMESTAMP'),(83,'La Pedrera Pinamar','La Pedrera es un lugar único en su estilo. Emplazado en uno de los destinos de vacaciones mas exclusivos de la costa atlántica argentina se encuentra nuestra propuesta rodeada de naturaleza. Ubicado estratégicamente próximo al mar pero alejado de los centros neurálgicos aseguramos estadías en total distensión y gran confort por el equipamiento y diseño que proponen nuestros aparts. Paisaje natural, relax, aire puro, seguridad y un espacio ideal para tus próximas vacaciones y escapadas son nuestro mayor capital. Te esperamos!!','deluxe1.jpg','Para que te olvides de la ciudad te traemos este Memorie de lujo. Tendrás acceso a todas las instalaciones del establecimiento, 3 comidas por persona, válido unicamente para fines de semana. Incluye la estadía en una suite para dos. Válido para 2 (dos) personas por unica vez.','http://www.lapedrerapinamar.com.ar/',21,'2020-08-13 20:10:04','2020-08-13 20:10:04','CURRENT_TIMESTAMP'),(84,'Teatro Maipo','El Teatro Maipo está en la Ciudad de Buenos Aires, y es, históricamente, uno de los teatros más importantes de la ciudad. Ubicado en las cercanías del Obelisco, su sala cuenta con 754 localidades.','show6.jpg','Incluye una entrada por persona para cualquiera de las obras en cartelera hasta el 31/12/2021, quedando exceptuadas las funciones especiales.  Válido para 2 (dos) personas por unica vez.','http://maipo.com.ar/',22,'2020-08-13 20:10:04','2020-08-13 20:10:04','CURRENT_TIMESTAMP'),(85,'Gran Rex','Es el teatro de los grandes espectáculos musicales y recibe a los artistas más consagrados, nacional e internacionalmente. Su capacidad es para 3.262 espectadores.','show5.jpg','Incluye una entrada por persona para cualquiera de las obras en cartelera hasta el 31/12/2021, quedando exceptuadas las funciones especiales.  Válido para 2 (dos) personas por unica vez.','http://teatrgranrex.com.ar/',22,'2020-08-13 20:10:04','2020-08-13 20:10:04','CURRENT_TIMESTAMP'),(86,'Teatro Metropolitan','El Teatro Metropolitan ha sido la casa teatral de los más grandes artistas argentinos de las últimas décadas: desde el éxito de Tato Bores y Carlos Perciavalle con el musical La Cage Aux Follies al reciente suceso de Nuestras Mujeres con Guillermo Francella, Arturo Puig y Jorge Marrale y la aclamada Dos pícaros sinvergüenzas con Guillermo Francella y Adrián Suar.','show8.jpg','Incluye una entrada por persona para cualquiera de las obras en cartelera hasta el 31/12/2021, quedando exceptuadas las funciones especiales.  Válido para 2 (dos) personas por unica vez.','https://www.metropolitansura.com.ar/index.php',22,'2020-08-13 20:10:04','2020-08-13 20:10:04','CURRENT_TIMESTAMP'),(87,'Coliseo','El Teatro Coliseo es un tradicional y antiguo teatro argentino ubicado en Buenos Aires que se encuentra en el barrio Retiro frente a la Plaza Libertad. De propiedad del estado italiano, así como todo el edificio que lo contiene, – hoy denominado Palazzo Itali, su gestión está cesionada a la Fundación Cultural Coliseum a partir del año 1971.','show7.jpg','Incluye una entrada por persona para cualquiera de las obras en cartelera hasta el 31/12/2021, quedando exceptuadas las funciones especiales.  Válido para 2 (dos) personas por unica vez.','https://www.teatrocoliseo.org.ar/',22,'2020-08-13 20:10:04','2020-08-13 20:10:04','CURRENT_TIMESTAMP'),(88,'Ciudad Cultural Konex','Ciudad Cultural Konex es una organización que tiene como misión crear experiencias artísticas innovadoras. Desarrolla múltiples espectáculos y contenidos artísticos con el objetivo de acercar a la comunidad una propuesta cultural diversa y de calidad, promoviendo la expresión, la inspiración, el disfrute y la creatividad. El espacio, situado en el mítico barrio del Abasto de la ciudad de Buenos Aires, cuenta con nueve salas para la realización de todo tipo de eventos culturales.','musica7.jpg','Incluye una entrada mensual que entra en vigencia desde su primer uso, permitiendote asistir a todos los espectaculos musicales de las fechas del intervalo de 30 dias.  Válido para 1 (una) persona por unica vez.','https://www.cckonex.org/',23,'2020-08-13 20:10:04','2020-08-13 20:10:04','CURRENT_TIMESTAMP'),(89,'Teatro Colon','El Teatro Colón de Buenos Aires es una de las salas de ópera más importantes del mundo. Su rico y prestigioso historial y las excepcionales condiciones acústicas y arquitectónicas de su edificio lo colocan al nivel de teatros como la Scala de Milán, la Ópera de París, la Ópera de Viena, el Covent Garden de Londres y el Metropolitan de Nueva York.','musica1.jpg','Incluye la entrada al teatro por única vez para una función de orquesta.  Válido para 1 (una) persona por unica vez.','https://teatrocolon.org.ar/es',23,'2020-08-13 20:10:04','2020-08-13 20:10:04','CURRENT_TIMESTAMP'),(90,'Centro Cultural Recoleta','El Centro Cultural Recoleta es un espacio vivo y participativo para adolescentes y jóvenes que apuesta a la convivencia en la diversidad y que impulsa los movimientos artísticos del país y del mundo desde hace más de tres décadas.','musica3.jpg','Incluye la entrada a un show musical por persona por única vez. Válido para 2 (dos) personas por unica vez.','http://www.centroculturalrecoleta.org/',23,'2020-08-13 20:10:04','2020-08-13 20:10:04','CURRENT_TIMESTAMP'),(91,'Gran Rex','Es el teatro de los grandes espectáculos musicales y recibe a los artistas más consagrados, nacional e internacionalmente. Su capacidad es para 3.262 espectadores.','musica6.jpg','Incluye una entrada por persona para 1 (uno) recital en cartelera a elección del agasajado, pudiendose canjear hasta el 31/12/2021. Válido para 2 (dos) personas por unica vez.','http://teatrgranrex.com.ar/',23,'2020-08-13 20:10:04','2020-08-13 20:10:04','CURRENT_TIMESTAMP'),(92,'MALBA','El Museo de Arte Latinoamericano de Buenos Aires – Fundación Costantini fue fundado en septiembre de 2001 con el objetivo de coleccionar, preservar, estudiar y difundir el arte latinoamericano desde principios del siglo XX hasta la actualidad.','lart1.jpg','Incluye una entrada por persona para ingresar al establecimiento y una merienda clásica en la cafetería del museo por persona. Válido para 2 (dos) personas por unica vez.','https://www.malba.org.ar/',24,'2020-08-13 20:10:04','2020-08-13 20:10:04','CURRENT_TIMESTAMP'),(93,'MACBA','El MACBA tiene por misión adquirir, conservar, investigar, documentar, comunicar y exhibir el arte contemporáneo nacional e internacional. La educación no formal por medio del arte es uno de sus propósitos principales. Por medio de la exhibición de contenidos artísticos (objetos y relatos) espera poder estimular el desarrollo de la creatividad en los artistas y los distintos públicos de la ciudad de Buenos Aires y del país, y profundizar el conocimiento del arte argentino en el exterior.','lart5.jpg','Incluye una entrada por persona para ingresar al establecimiento y una merienda clásica en la cafetería del museo, por persona. Válido para 2 (dos) personas por unica vez.','http://www.macba.com.ar/index.php',24,'2020-08-13 20:10:04','2020-08-13 20:10:04','CURRENT_TIMESTAMP'),(94,'Museo de Arte Moderno de Buenos Aires','El Museo de Arte Moderno de Buenos Aires, institución pública dependiente del Ministerio de Cultura del Gobierno de la Ciudad de Buenos Aires, fue creado en abril de 1956 por iniciativa de Rafael Squirru, su primer director. Desde sus inicios, el Moderno fue un museo de vanguardia, verdadera casa de los artistas argentinos, y un espacio dedicado a promover las últimas producciones de todas las disciplinas artísticas. Hoy, a 63 años de su fundación, el Moderno cuenta con su sede completa en funcionamiento tras la última inauguración del edificio en julio de 2018.','lart4.jpg','Incluye una entrada por persona para ingresar al establecimiento y una merienda clásica en la cafetería del museo, por persona. Válido para 2 (dos) personas por unica vez.','https://www.museomoderno.org/es',24,'2020-08-13 20:10:04','2020-08-13 20:10:04','CURRENT_TIMESTAMP'),(95,'Museo Nacional de Bellas Artes','El Museo Nacional de Bellas Artes fue inaugurado en diciembre de 1896 en el edificio de las tiendas Bon Marché de la calle Florida, hoy Galerías Pacífico. Desde su origen, se planteó como un espacio destinado a albergar arte internacional de todos los períodos históricos, y a promover y consolidar un arte argentino por entonces incipiente.','lart2.jpg','Incluye una entrada por persona para ingresar al establecimiento y una merienda clásica en la cafetería del museo por persona. Válido para 2 (dos) personas por unica vez.','https://www.bellasartes.gob.ar/',24,'2020-08-13 20:10:04','2020-08-13 20:10:04','CURRENT_TIMESTAMP'),(96,'Taburete Comedia','Veni a reirte un rato con comediantes reconocidos en Buenos Aires y países limítrofes.','up5.jpg','Incluye una entrada para ver un stand up.  Válido para 2 (dos) personas por unica vez.','https://taburetecomedia.com.ar/',25,'2020-08-13 20:10:04','2020-08-13 20:10:04','CURRENT_TIMESTAMP'),(97,'Quiero Stand Up','Stand Up de Luciano Mellera y Lucas Lauriente. Divertite con dos de los standaperos más famosos del momento. De Intagram a los escenarios.','up8.jpg','Incluye una entrada por persona para el stand up. Válido para 2 (dos) personas por unica vez.','http://quierostandup.com/',25,'2020-08-13 20:10:04','2020-08-13 20:10:04','CURRENT_TIMESTAMP'),(98,'Universal Espacio Cultural','Teatro, Música, Cine y Exposiciones en un pasaje de Palermo, a metros de Plaza Serrano, con un jardín para mirar las estrellas. Barra Amiga y Comida Totalmente Casera para acompañar cada evento. Todas las noches, musicalizadas con la minuciosa selección de Videoteip Night Set.','up7.jpg','Incluye una entrada para ver un stand up por persona.  Válido para 2 (dos) personas por unica vez.','http://eluniversalespaciocultural.com/',25,'2020-08-13 20:10:04','2020-08-13 20:10:04','CURRENT_TIMESTAMP'),(99,'Stand Up Club','Reite con los mejores comediantes de Buenos Aires.','up6.jpg','Incluye una entrada para ver un stand up por persona. Válido para 2 (dos) personas por unica vez.','https://standupclubarg.com/',25,'2020-08-13 20:10:04','2020-08-13 20:10:04','CURRENT_TIMESTAMP'),(100,'Paracaidismo Argentina Rafting','La excursión se realiza a 70 km de la ciudad de Mendoza en el Aeródromo Rivadavia. La actividad comienza con la proyección de un video instructivo, charla de seguridad, descripción de los comandos y entrega del equipo. Para realizar el salto, el avión alcanza una altura de 2500 mts. La caída libre es entre 25″ y 30″, una vez abierto el paracaídas son aprox. 8 minutos de vuelo durante los cuales el piloto te da la opción de que lo maniobres.','vertigo4.jpg','Incluye el acceso por única vez para 1 (una) persona a una de las excursiones de paracaidismo ofrecidas por Argentina Rafting.','https://argentinarafting.com/paracaidismo/',26,'2020-08-13 20:10:04','2020-08-13 20:10:04','CURRENT_TIMESTAMP'),(101,'Canopy Argentina Rafting','1400 metros (4593 pies) de recorrido, 6 cables diferentes que alcanzan una altura de hasta 40 metros (130 pies) sobre el valle, un tramo que se extiende por más de 450 metros (1500 pies) cruzando el Río Mendoza. Una aventura inolvidable donde podrás apreciar la espectacular vista panorámica del Valle de Potrerillos y el Cordón del Plata (Cerro El Plata 6100 mts. de altura sobre el nivel del mar), formaciones montañosas de millones de años con capas geológicas de más de 20000 pies de elevación.','vertigo2.jpg','Incluye el acceso por única vez para 1 (una) persona a una de las excursiones de canopy ofrecidas por Argentina Rafting.','https://argentinarafting.com/canopemendoza/',26,'2020-08-13 20:10:04','2020-08-13 20:10:04','CURRENT_TIMESTAMP'),(102,'Mountain Bike Argentina Rafting','En el Valle de Potrerillos la aventura está en todas partes. La exploración de la zona en bicicletas de montaña totalmente equipadas es una perfecta opción para disfrutar de los senderos desérticos de los Andes. Las excursiones son guiadas y se adaptan al nivel del turista. El experto o el principiante pueden disfrutar de nuestro circuito del valle.','vertigo5.jpg','Incluye el acceso por única vez para 1 (una) persona a una de las excursiones de mountaibike ofrecidas por Argentina Rafting.','https://argentinarafting.com/mountaibike/',26,'2020-08-13 20:10:04','2020-08-13 20:10:04','CURRENT_TIMESTAMP'),(103,'Parapente Argentina Rafting','Vuelo de instrucción (introducción al vuelo en Parapente) realizado en un parapente de dimensiones especiales para transportar a dos personas, las que disfrutaran cómodamente sentadas en dos sillas (arneses) donde van el instructor y pasajero. En este vuelo el instructor le enseñará cómo despegar y aterrizar, aparte se hará una pequeña clase en vuelo, donde el instructor le mostrará como tomar altura y el manejo básico de un Parapente.','vertigo3.jpg','Incluye el acceso por única vez para 1 (una) persona a una de las excursiones de parapente ofrecidas por Argentina Rafting.','https://argentinarafting.com/parapente/',26,'2020-08-13 20:10:04','2020-08-13 20:10:04','CURRENT_TIMESTAMP'),(104,'Alto Valle Parapente','Alto Valle es una escuela de parapente que nace con el objetivo de compartir la pasión del vuelo libre con quienes ya están en esta actividad o con quienes nunca vivieron esta experiencia. Si bien está radicada en Buenos Aires, tiene la particularidad de ser «itinerante», por lo cual, es ideal para aquellos que residen en la ciudad y desean volar en el llano, pero también para quienes quieren conocer y perfeccionarse en la montaña.','volando1.jpg','Incluye una excursión en parapente para ser utilizada hasta el 31/12/2021. Válido para 1 (uno) persona por unica vez.','http://altovalleparapente.com.ar/',27,'2020-08-13 20:10:04','2020-08-13 20:10:04','CURRENT_TIMESTAMP'),(105,'Parapente Zona de Vuelo','Una vez que hayas probado el vuelo siempre caminarás por la Tierra con la vista mirando al Cielo, porque ya has estado allí y allí siempre desearás volver. 10 años de experiencia nos avalan, en Escuela y Cursos de iniciaciòn al parapente, en la montaña de Mendoza.','volando2.jpg','Incluye una excursión en parapente para ser utilizada hasta el 31/12/2021. Válido para 1 (uno) persona por unica vez.','https://www.zonadevuelo.com.ar/',27,'2020-08-13 20:10:04','2020-08-13 20:10:04','CURRENT_TIMESTAMP'),(106,'Paracaidismo Zona de Vuelo','Una vez que hayas probado el vuelo siempre caminarás por la Tierra con la vista mirando al Cielo, porque ya has estado allí y allí siempre desearás volver. 10 años de experiencia nos avalan, en Escuela y Cursos de iniciaciòn al parapente, en la montaña mendocina.','volando4.jpg','Incluye una excursión de paracaidismo para ser utilizada hasta el 31/12/2021. Válido para 1 (uno) persona por unica vez.','https://www.zonadevuelo.com.ar/paracaidismo',27,'2020-08-13 20:10:04','2020-08-13 20:10:04','CURRENT_TIMESTAMP'),(107,'Globos Aerostaticos Argentica','Somos profesionales amigos del viento y la naturaleza que nos dedicamos a la prestación de servicios para el tiempo libre con globos aerostáticos.','volando3.jpg','Incluye una excursión en globo aerostatico para ser utilizada hasta el 31/12/2021. Válido para 1 (uno) persona por unica vez.','http://www.globosaerostaticosargentina.com/',27,'2020-08-13 20:10:04','2020-08-13 20:10:04','CURRENT_TIMESTAMP'),(108,'Trepodromo','Trepodromo es una palestra de escalada inaugurada en el año 2015. Está ubicada al lado del parque Generál San Martin, que es el espacio natural más grande dentro de la Ciudad de Mendoza. Nuestro objetivo es aportar al desarrollo de la escalada como deporte y como forma de vida desde nuestro aprendizaje y experiencia en la montaña.','escalar4.png','Incluye un pase libre mensual para acceder a cualquiera de los niveles del Trepodromo. Válido para 1 (uno) persona por unica vez.','http://www.trepodromo.com/',28,'2020-08-13 20:10:04','2020-08-13 20:10:04','CURRENT_TIMESTAMP'),(109,'Escalada Rustik','Construido por la empresa Rocódromo con 30 metros lineales de bulder, Rustik combina diversos ángulos de escalada que van desde los típicos desplomes de travesía (teniendo angulos desde 15° a 45°) hasta espolones, techos, diedros y aplomes. El piso de la sala de boulder se encuentra revestido por goma deportiva contando además con colchones de caída de alta performance.','escalar3.jpg','Incluye un pase libre para escalar en el establecimiento por 30 días desde su primer uso. Válido para 1 (uno) persona por unica vez.','http://www.escaladarustik.com.ar/',28,'2020-08-13 20:10:04','2020-08-13 20:10:04','CURRENT_TIMESTAMP'),(110,'Alto Rumbo','En Alto Rumbo trabajamos para alcanzar sueños. Los nuestros y los de nuestros Clientes. Disfrutamos de escalar montañas, pero lo que más nos satisface es crear relaciones duraderas con buena gente que comparta nuestros valores. Eso no tiene precio y nos produce una sensación única difícil de explicar.','escalar2.jfif','Incluye un pase por única vez a una excursión de escalada de montaña para 1 (una) persona. Válido para canjear hasta 01/01/2022.','http://www.champaqui.com.ar/',28,'2020-08-13 20:10:04','2020-08-13 20:10:04','CURRENT_TIMESTAMP'),(111,'Cerro Aspero','Disfruta de una excursión completa de dos días al Cerro Aspero. Uno de los más conocidos y visitados por los turistas en la Provincia de Córdoba. Paisajes hermosos y contacto directo con la naturaleza.','escalar1.jpg','Traslado ida y vuelta en 4×4, 1 noche en albergue, habitaciones con camcucheta con colchón, baño, Seguro de accidentes personales para c/u, y Guía. Válido para 2 (dos) personas por única vez.','https://naturalezacba.com.ar/excursion/cerrasperdianoche/',28,'2020-08-13 20:10:04','2020-08-13 20:10:04','CURRENT_TIMESTAMP'),(112,'Escuela de Windsurf','Profesores e Instructores capacitados. Contamos con casi 10 años de experiencia en el agua. Agendá la clase para cuando gustes y despúes búsca tu foto en nuestras redes sociales. Seguimos tu progreso en cada etapa de tu aprendizaje.','splash5.jpg','Con este Memorie accederás a un curso de 6 clases de Windsurfing para 1 (una) persona por única vez. Válido para comenzar las clases hasta el 31/12/2022.','http://www.lanaiargentina.com/',29,'2020-08-13 20:10:04','2020-08-13 20:10:04','CURRENT_TIMESTAMP'),(113,'Sky Flyboard','El Flyboard es una tabla a propulsión de agua que se conecta universalmente con todas las motos de agua y te permite elevarte hasta 23 mts de altura.','splash6.jpg','Incluye una clase de Flyboard para 1 (una) persona por única vez y un uso de 60 minutos libres posteriores a la clase o con la posibilidad de reagendarlo. Válido hasta 31/12/2022','https://www.facebook.com/SkyFlyboardArg/',29,'2020-08-13 20:10:04','2020-08-13 20:10:04','CURRENT_TIMESTAMP'),(114,'Argentina Rafting Kayak','Nuestras aventuras en kayak te invitan a experimentar la adrenalina de un viaje en aguas blancas o la serenidad de remar en el Embalse de Potrerillos.Tenemos kayaks para agua blanca y kayaks sit on topde recreación en modelos singles o dobles. Remar en el agua calma del lago te permite disfrutar y conectarte con el increíble paisaje que nos brinda la montaña y su entorno','splash10.jpg','Incluye el acceso por única vez para 1 (una) persona a un día de kayak. Válido hasta 31/12/2022.','https://argentinarafting.com/',29,'2020-08-13 20:10:04','2020-08-13 20:10:04','CURRENT_TIMESTAMP'),(115,'Argentina Rafting','En Mendoza hay muchas maneras de conectarse con las aguas de deshielo de los Andes. Para el aventurero, ofrecemos viajes de rafting durante todo el año en un Río clase III +. Todas nuestras excursiones son en el Río Mendoza, antes del Dique de Potrerillos. Los constantes rápidos proporcionan acción durante todo el descenso. En verano, con su mayor caudal, el río Mendoza arrastra sedimentos y forma huecos y olas haciendo rápidos de alta intensidad. En invierno el caudal baja y permite apreciar las rocas que forman parte de la naturaleza del lugar.','splash8.jpg','Incluye el acceso por única vez para 1 (una) persona a un día de rafting. Válido hasta 31/12/2022','https://argentinarafting.com/raftinemendoza/',29,'2020-08-13 20:10:04','2020-08-13 20:10:04','CURRENT_TIMESTAMP'),(116,'Fundamentos de la Fotografía Digital Crehana','Prepara tus equipos y profundiza en las reglas y técnicas que necesitas para lograr una foto impactante. No es la cámara, es quien la toma. Una fotografía requiere de varios elementos para ser más que solo eso. Aprende todos estos conocimientos junto a Fernando O Farrill y sácale el provecho a tus equipos para lograr la imagen perfecta.','camara2.jpeg','Incluye un acceso al curso de Fundamentos de la Fotografía Digital de Crehana. El acceso es de por vida.','https://www.crehana.com/ar/',30,'2020-08-13 20:10:04','2020-08-13 20:10:04','CURRENT_TIMESTAMP'),(117,'Fotografía profesional con niños','Las producciones y shootings con niños suponen una dirección y gestión distinta respecto a las sesiones con adultos. Convertir la sesión en un juego y que el plan resulte divertido provocará que se cree un dinámica fantástica donde se respire naturalidad y donde todo fluya. Esta es solo una de las muchas cosas que Leila Méndez ha ido aprendiendo en su larga trayectoria dirigiendo y fotografiando shootings infantiles. Ha trabajado en publicaciones como El País Semanal, AD, The Guardian, y ha colaborado con clientes de la talla de Uniqlo, Warner, Desigual y Adidas.','camara1.jpg','Incluye un acceso al curso de Introducción a la fotografía profesional con niños Domestika. El acceso es de por vida.','https://www.domestika.org/es',30,'2020-08-13 20:10:04','2020-08-13 20:10:04','CURRENT_TIMESTAMP'),(118,'Fotografía Profesional','Este es un nuevo curso de fotografía de vanguardia creado y dirigido por algunos de los mejores fotógrafos de la industria. El objetivo del curso es proporcionar los conocimientos y las habilidades necesarias para iniciar una carrera como fotógrafo profesional o como aficionado avanzado. Un curso totalmente actualizado y muy completo, que abarca todos los aspectos de la fotografía.','camara3.jpeg','Incluye un acceso al curso de Fotografía Profesional del Insituto de Fotografía Argentino. El acceso es de por vida.','https://www.institutofotografia.com.ar/',30,'2020-08-13 20:10:04','2020-08-13 20:10:04','CURRENT_TIMESTAMP'),(119,'Fotografía DaVinci','La fotografia es un arte presente en todos los aspectos de nuestra vida. Escuela Da Vinci ofrece cursos de la más alta calidad en fotografía tradicional y digital. Este curso incluye desde los conceptos básicos de la cámara, pasando por el estudio de los diversos lentes, velocidades de obturación, y accesorios, hasta una introducción práctica a Photoshop, la herramienta más poderosa de edición de imágenes.','camara4.jpg','Incluye un acceso al curso de Fotografía de la Escuela DaVinci Multimedial. Se dicta de forma online en vivo por profesores expertos. El acceso al contenido es de por vida.','https://davinci.edu.ar/cursos/cortos/fotografia',30,'2020-08-13 20:10:04','2020-08-13 20:10:04','CURRENT_TIMESTAMP'),(120,'Alimentacion Saludable Instituto Gato Dumas','En este curso la Licenciada en Nutrición y Cocinera, Silvia Di Ciandio, les enseñara recetas fáciles y nutritivas que incluyan proteínas, carbohidratos, grasas saludables, agua, vitaminas y minerales, combinados en los distintos platos para ayudar al cuerpo con una alimentación fuerte y saludable.','chef7.jpg','Incluye un acceso al curso de Alimentación Saludable en la institución Gato Dumas. Se dicta de forma online con clases en vivo. El acceso al contenido es de por vida.','https://www.gatodumasonline.com.ar/product/alimentaciosaludabl2/',31,'2020-08-13 20:10:04','2020-08-13 20:10:04','CURRENT_TIMESTAMP'),(121,'Cocina Profesional Edutin','El curso de cocina profesional tiene el propósito que el aprendiz conozca, entienda y aplique los fundamentos teóricoprácticos de la culinaria y la gastronomía para llevar a cabo la elaboración, el diseño y la preparación de diferentes tipos de alimentos. Es fácil de aprender y solo se requiere tener conocimientos elementales.','chef1.jpg','Incluye un acceso al curso de Cocina Profesional en Edutin. Se dicta de forma online con clases en vivo. El acceso al contenido es de por vida.','https://edutin.com/cursdcocinprofesiona4271',31,'2020-08-13 20:10:04','2020-08-13 20:10:04','CURRENT_TIMESTAMP'),(122,'La Hamburguesería IAG','Instituto Argentino de Gastronomía. Objetivos del curso. Adquirir los conocimientos necesarios para producir, elaborar, almacenar y despachar diferentes tipos de hamburguesas y guarniciones. Incorporar ideas creativas y de fácil elaboración que faciliten un despacho rápido y prolijo.','chef5.jpg','Incluye un acceso al curso La Hamburguesería del Instituto Argentino de Gastronomía. Se dicta de forma presencial. El acceso al contenido es de por vida. Válido para anotarse hasta 31/12/2021','http://www.iag.com.ar/cursos/lhamburgueseria/',31,'2020-08-13 20:10:04','2020-08-13 20:10:04','CURRENT_TIMESTAMP'),(123,'Fanaticos de la Carne IAG','Con este curso vas a aprender a manipular, acondicionar y aplicar los métodos de cocción adecuados a los diferentes cortes de carne. Además sabrás aplicar criterios de calidad en la elección de los diferentes cortes. Compra, almacenamieto, cocción y como servirla o emplatarla.','chef6.jpg','Incluye un acceso al curso de La Hamburguesería del Instituto Argentino de Gastronomía. Se dicta de forma online con clases en vivo. El acceso al contenido es de por vida.','http://www.iag.com.ar/cursos/5370/',31,'2020-08-13 20:10:04','2020-08-13 20:10:04','CURRENT_TIMESTAMP'),(124,'Diseño web responsive con Adobe Dreamweaver','Aprende HTML y CSS básico para crear paso a paso un sitio web responsive y con una interfaz visual.','design5.jpg','Incluye un acceso al curso de Cocina Profesional en Edutin. Se dicta de forma online con clases en vivo. El acceso al contenido es de por vida.','https://www.domestika.org/es/courses/119disenweresponsivcoadobdreamweaver',32,'2020-08-13 20:10:04','2020-08-13 20:10:04','CURRENT_TIMESTAMP'),(125,'Introducción a Adobe Photoshop Domestika','Aprende Adobe Photoshop desde cero y domina el mejor software de tratamiento, retoque y creación de imágenes digitales del mercado.','design1.jpg','Incluye un acceso al curso de Introducción a Adobe Photoshop de Domestika. Se dicta de forma online. El acceso al contenido es de por vida.','https://www.domestika.org/es/courses/38introduccioadobphotoshop',32,'2020-08-13 20:10:04','2020-08-13 20:10:04','CURRENT_TIMESTAMP'),(126,'Ilustración de personajes para marcas Crehana','Toda marca necesita un portavoz. Muchas veces, estos portavoces son gráficos, coloridos, y transmiten ideas complejas a sus clientes o al público en general. En este curso aprenderás a conceptualizar y crear un personaje de marca desde cero.','design2.jpg','Incluye un acceso al curso de Ilustración de personajes para marcas de Crehana. Se dicta de forma online y el acceso al contenido es de por vida.','https://www.crehana.com/ar/cursoonlinbranding/ilustraciodpersonajeparmarcas/',32,'2020-08-13 20:10:04','2020-08-13 20:10:04','CURRENT_TIMESTAMP'),(127,'Adobe Photoshop CC desde cero Crehana','En este curso completo de Adobe Photoshop CC 2018, conocerás y aprenderás a utilizar todas las herramientas y funciones del mejor software de edición digital del mundo, con el fin de que las utilices a fondo y logres realizar trabajos de alta calidad y profesionalismo. ¡Tus creaciones están esperando!','design7.jpg','Incluye un acceso al curso de Adobe Photoshop CC desde cero: Experto en Diseño Gráfico de Crehana. Se dicta de forma online y el acceso al contenido es de por vida.','https://www.crehana.com/ar/cursoonlindiseno/',32,'2020-08-13 20:10:04','2020-08-13 20:10:04','CURRENT_TIMESTAMP'),(128,'Bio Solo Organico','BIO es el primer Restaurant Orgánico Certificado de la Argentina. Desde el año 2002 que tenemos un compromiso orientado al cuidado del planeta y de la alimentación sana e integral. Creemos que desde el lugar que elegimos como restaurant, podemos brindar una experiencia de sabor y responsabilidad.','veggie1.jpg','Incluye un acceso libre al menu para dos personas. Entrada, plato principal, postre y café. Además accederán a una botella de vino de la casa a elección. Válido para 2 (dos) personas por unica vez.','https://biorestaurant.com.ar/restaurant/',13,'2020-08-13 20:10:41','2020-08-13 20:10:41','CURRENT_TIMESTAMP');
/*!40000 ALTER TABLE `experiences` ENABLE KEYS */;
UNLOCK TABLES;

--
-- Table structure for table `items`
--

DROP TABLE IF EXISTS `items`;
/*!40101 SET @saved_cs_client     = @@character_set_client */;
/*!40101 SET character_set_client = utf8 */;
CREATE TABLE `items` (
  `id` int(11) NOT NULL AUTO_INCREMENT,
  `salePrice` int(11) DEFAULT NULL,
  `qty` int(11) DEFAULT NULL,
  `subTotal` int(11) DEFAULT NULL,
  `state` tinyint(4) DEFAULT NULL,
  `userId` int(11) DEFAULT NULL,
  `productSku` int(11) DEFAULT NULL,
  `cartId` int(11) DEFAULT NULL,
  `createdAt` timestamp NULL DEFAULT current_timestamp(),
  `updatedAt` timestamp NULL DEFAULT current_timestamp(),
  `deletedAt` timestamp NULL DEFAULT current_timestamp(),
  PRIMARY KEY (`id`)
) ENGINE=InnoDB DEFAULT CHARSET=utf8;
/*!40101 SET character_set_client = @saved_cs_client */;

--
-- Dumping data for table `items`
--

LOCK TABLES `items` WRITE;
/*!40000 ALTER TABLE `items` DISABLE KEYS */;
/*!40000 ALTER TABLE `items` ENABLE KEYS */;
UNLOCK TABLES;

--
-- Table structure for table `products`
--

DROP TABLE IF EXISTS `products`;
/*!40101 SET @saved_cs_client     = @@character_set_client */;
/*!40101 SET character_set_client = utf8 */;
CREATE TABLE `products` (
  `sku` int(11) NOT NULL AUTO_INCREMENT,
  `name` varchar(45) DEFAULT NULL,
  `description` varchar(1000) DEFAULT NULL,
  `image` varchar(100) DEFAULT NULL,
  `visibility` tinyint(4) DEFAULT NULL,
  `price` int(11) DEFAULT NULL,
  `specialPrice` int(11) DEFAULT NULL,
  `qty` int(11) DEFAULT NULL,
  `categoryId` int(11) DEFAULT NULL,
  `createdAt` timestamp NULL DEFAULT current_timestamp(),
  `updatedAt` timestamp NULL DEFAULT current_timestamp(),
  `deletedAt` timestamp NULL DEFAULT current_timestamp(),
  PRIMARY KEY (`sku`),
  UNIQUE KEY `sku_UNIQUE` (`sku`)
) ENGINE=InnoDB AUTO_INCREMENT=43 DEFAULT CHARSET=utf8;
/*!40101 SET character_set_client = @saved_cs_client */;

--
-- Dumping data for table `products`
--

LOCK TABLES `products` WRITE;
/*!40000 ALTER TABLE `products` DISABLE KEYS */;
INSERT INTO `products` VALUES (1,'Gourmet Restó','Para los paladares exigentes y amantes del buen comer. Un Memorie que permite disfrutar de maravillosas veladas acompañadas de platos exquisitos en los mejores restaurantes de Buenos Aires.','memories-gastro-gourmetresto.jpg',0,2999,2999,100,6,'2020-08-10 20:30:20','2020-08-10 20:30:20','2020-08-10 20:30:20'),(2,'Take Away','Una comida distinta para disfrutar en la comodidad de nuestro hogar. Desde platos elaborados hasta los clásicos argentinos. Los más amplios menús para que nadie se quede afuera.','memories-gastro-takeaway.jpg',0,1499,1499,100,6,'2020-08-10 20:30:20','2020-08-10 20:30:20','2020-08-10 20:30:20'),(3,'Buen Día','El equipo de Memories sabe que el desayuno es la comida más importante del día. Por ello decidimos acercarte esta opción para los fanáticos de las mañanas. Desayunos y tés en los mejores Cafés de la City, incluyendo la posibilidad de recibirlos a domicilio.','memories-gastro-buendia.jpg',0,1499,1499,100,6,'2020-08-10 20:30:20','2020-08-10 20:30:20','2020-08-10 20:30:20'),(4,'Fancy Cuisine','Este Memorie ofrece no solo ricas comidas, sino experiencias gastronómicas completas. Cenas o almuerzos completos de alto nivel en los restaurantes más reconocidos a nivel regional encontrados en Buenos Aires, que incluyen maravillosos en vivo.','memories-gastro-fancycuisine.jpg',0,7999,7999,100,6,'2020-08-10 20:30:20','2020-08-10 20:30:20','2020-08-10 20:30:20'),(5,'Street Food','Comida al paso en la ciudad que nunca duerme. Podrás acceder a los puestos y/o ferias de comidas más ricos y conocidos del momento. Experiencia ideal quienes les encante andar de paseo.','memories-gastro-streetfood.jpg',0,2599,2599,100,6,'2020-08-10 20:30:20','2020-08-10 20:30:20','2020-08-10 20:30:20'),(6,'Sabores del Mundo','Viajá a otro destino tan solo con el paladar. Acceda a restaurantes donde podrás conocer las artes culinarias de diferentes países. Comida mexicana, china, árabe y más. Degustá sabores y conocé culturas.','memories-gastro-saboresdelmundo.jpg',0,3499,3499,100,6,'2020-08-10 20:30:20','2020-08-10 20:30:20','2020-08-10 20:30:20'),(7,'Drinks','A veces la vida nos da tragos amargos. Por eso con esta Memorie te aseguramos unos tragos deliciosos. Encontrarán distintos tragos de autor para poder disfrutar de excelentes Cocktails para todos los gustos.','memories-gastro-drinks.jpg',0,2499,2499,100,6,'2020-08-10 20:30:20','2020-08-10 20:30:20','2020-08-10 20:30:20'),(8,'Chef at Home','Comida especialmente hecha para vos. Regalando este Memorie estamos regalando platos de calidad culinaria profesional, contando con la presencia de un chef pudiendo además disfrutar de un tour del detrás de escena de la cocina.','memories-gastro-invitaelchef.jpg',0,4199,4199,100,6,'2020-08-10 20:30:20','2020-08-10 20:30:20','2020-08-10 20:30:20'),(9,'Beer & Burger','Para quienes no saben, las artes culinarias porteñas han alcanzado niveles de altísima calidad y sabor en la cocina de burgers, volviéndose uno de los epicentros más conocidos de la región en el desarrollo de estas comidas. Por supuesto, acompañadas de la mejor birra artesanal.','memories-gastro-beerburger.jpg',0,1899,1899,100,6,'2020-08-10 20:30:20','2020-08-10 20:30:20','2020-08-10 20:30:20'),(10,'De Copas','Para los amantes del vino. Distintos tours de degustación por la Ciudad de Buenos Aires, conociendo las particularidades de cada cosecha y copa.','memories-gastro-decopas.jpg',0,1899,1899,100,6,'2020-08-10 20:30:20','2020-08-10 20:30:20','2020-08-10 20:30:20'),(11,'Wine Life','Para propios y ajenos. Disfruten de experiencias tranquilas y dinámicas en la degustación de vinos. Diferentes cosechas, sabores y sensaciones. Tanto para quien se encuentren en el mundo del vino como para quien esté interesado en adentrase.','memories-gastro-winelife.jpg',0,1899,1899,100,6,'2020-08-10 20:30:20','2020-08-10 20:30:20','2020-08-10 20:30:20'),(12,'Bodegones','Visitemos los lugares que vieron crecer a la ciudad, o que mejor dicho, crecieron a la par. Los bodegones más antiguos, con comidas sabrosas y sus ambientaciones originales. Memories los invita a conocer su historia.','memories-gastro-bodegones.jpg',0,2999,2999,100,6,'2020-08-10 20:30:20','2020-08-10 20:30:20','2020-08-10 20:30:20'),(13,'Veggie','Ideal para todos y todas. Con este Memorie en mano podrán acceder a los distintos restaurantes veganos cuyo nombre pisa con fuerza en la gastronomía porteña. Disfruten de los mejores y más saludables platos.','memories-gastro-veggie.jpg',0,1899,1899,100,6,'2020-08-10 20:30:20','2020-08-10 20:30:20','2020-08-10 20:30:20'),(14,'Relax','Regalá un mimo, regalá un descanso. Un día para encontrar la calma y dejar de lado el ritmo de la semana. Desde masajes hasta los mejores tratamientos corporales.','memories-bienestar-relax.jpg',0,2199,2199,100,2,'2020-08-10 20:30:20','2020-08-10 20:30:20','2020-08-10 20:30:20'),(15,'How You Look','Para quienes amen el maquillaje y la estética facial. Podrán encontrar distintas clases de automaquillaje dictadas por profesionales del ambiente, cada una con sus distintas técnicas.','memories-bienestar-makeup.jpg',0,1299,1299,100,2,'2020-08-10 20:30:20','2020-08-10 20:30:20','2020-08-10 20:30:20'),(16,'Paz y Armonía','Distenderse. Desconectarse. Sumergirse en una tranquilidad absoluta de diferentes maneras. Una agradable combinación entre salud y bienestar.','memories-bienestar-pazyarmonia.jpg',0,3499,3499,100,2,'2020-08-10 20:30:20','2020-08-10 20:30:20','2020-08-10 20:30:20'),(17,'De a Dos','Experiencias agradables, tranquilas y llevaderas para tener de a dos. Ideal para parejas y amigos. Abarca distintas actividades, desde días de campo hasta días de spa.','memories-bienestar-deados.jpg',0,4999,4999,100,2,'2020-08-10 20:30:20','2020-08-10 20:30:20','2020-08-10 20:30:20'),(18,'Cambio de Aire','Fines de semana enteros en otras latitudes. Regalá un cambio de aire, un fin de semana off. Relajate, divertite, caminá y recordá. Playa, montañas y sierras. Elegí donde desconectarte.','memories-escapadas-cambiodeaire.jpg',0,4199,4199,100,5,'2020-08-10 20:30:20','2020-08-10 20:30:20','2020-08-10 20:30:20'),(19,'Finde','Hoteles y estancias para los mejores fines de semana','memories-escapadas-finde.jpg',0,9999,9999,100,5,'2020-08-10 20:30:20','2020-08-10 20:30:20','2020-08-10 20:30:20'),(20,'Exótico','Diferentes experiencias distintas a las convencionales. Escapadas con las cuales podrás vivir momentos exóticos y únicos','memories-escapadas-exotico.jpg',0,7999,7999,100,5,'2020-08-10 20:30:20','2020-08-10 20:30:20','2020-08-10 20:30:20'),(21,'Deluxe','Fines de semana completos en los mejores Hoteles Boutique de la Costa Atlántica. Disfrutá de la playa pero no esperes al verano. Opciones en Pinamar, Cariló, Mar del Plata y Villa Gessel.','memories-escapadas-luxury.jpg',0,12999,12999,100,5,'2020-08-10 20:30:20','2020-08-10 20:30:20','2020-08-10 20:30:20'),(22,'Show Time','¿Ser o no ser? La Avenida Corrientes es internacionalmente conocida por sus sendos teatros, por ello desde el equipo de Memories creemos indispensable su inclusión en esta categoría. Obras espectaculares con los actores y las actrices más renombrados. Noches llenas de talento.','memories-entretenimiento-showtime.jpg',0,3099,3099,100,4,'2020-08-10 20:30:20','2020-08-10 20:30:20','2020-08-10 20:30:20'),(23,'Música para Soñar','La música transmite cientos de emociones. Regalá música. Con este Memorie podrás acceder a distintas experiencias musicales, desde orquestas hasta conciertos, inclusive festivales.','memories-entretenimiento-musicaparasoñar.jpg',0,4199,4199,100,4,'2020-08-10 20:30:20','2020-08-10 20:30:20','2020-08-10 20:30:20'),(24,'L\'Art','Para los amantes del arte. Experiencias donde podrán tomar nota de las mejores obras y exposiciones en las distintas galerías y museos de Buenos Aires, una de las capitales culturales más conocidas del mundo.','memories-entretenimiento-lart.jpg',0,2099,2099,100,4,'2020-08-10 20:30:20','2020-08-10 20:30:20','2020-08-10 20:30:20'),(25,'Stand-uperos','Dicen que quien ríe último, ríe mejor. Profesionales de la comedia desmienten esta afirmación. Quien ríe último no entendió el chiste. En este Memorie encontrarás veladas llenas de risas y alegría. Regalá lindos recuerdos, regalá risas.','memories-entretenimiento-standup.jpg',0,999,999,100,4,'2020-08-10 20:30:20','2020-08-10 20:30:20','2020-08-10 20:30:20'),(26,'Vértigo','Adrenalina. Emoción. Desafiá tus límites. Disfrutá de momentos de alto impacto. Ponete a prueba y superá tus miedos. Rafting, paracaidismo, parapente y más.','memories-aventura-vertigo.jpg',0,3999,3999,100,1,'2020-08-10 20:30:20','2020-08-10 20:30:20','2020-08-10 20:30:20'),(27,'En el Aire','¿Quien no soñó alguna vez con la posibilidad de volar? En Memories lo hacemos realidad. Accedé a las mejores excursiones que te permitirán volar por un rato. Regalá alas, regalá Memories.','memories-aventura-enelaire.jpg',0,7999,7999,100,1,'2020-08-10 20:30:20','2020-08-10 20:30:20','2020-08-10 20:30:20'),(28,'Escalando','La vida es cuesta arriba, por eso en Memories incluimos estas experiencias, para que veas que tan alto podés llegar. Con experiencias supervisadas pone a prueba tu resistencia y no pares de subir.','memories-aventura-escalando.jpg',0,6499,6499,100,1,'2020-08-10 20:30:20','2020-08-10 20:30:20','2020-08-10 20:30:20'),(29,'Splash','Para los amantes del agua. Con este Memorie accederán a excursiones donde podrán sumergirse por completo. Experiencias en bote, gomón y hasta buceo. Ustedes eligen que tan hondo llegar.','memories-aventura-splash.jpg',0,5499,5499,100,1,'2020-08-10 20:30:20','2020-08-10 20:30:20','2020-08-10 20:30:20'),(30,'Para la Cámara','Aprende técnicas únicas para poder sacar las mejores fotografías y grabar los videos más impresionantes. Algunos de ellos requieren cámara profesional, otros nos enseñan a utilizar al máximo el potencial fotográfico de nuestros equipos móviles.','memories-cursos-paralacamara.jpg',0,2499,2499,100,3,'2020-08-10 20:30:20','2020-08-10 20:30:20','2020-08-10 20:30:20'),(31,'Chef en Casa','Cursos prácticos y divertidos, luego de los cuales se podrán llevar lo que hayan cocinado. Aprender y comer, dos de los placeres de la vida reunidos en cualquiera de las opciones que encontrarán debajo.','memories-cursos-chefcasa.jpg',0,1999,1999,100,3,'2020-08-10 20:30:20','2020-08-10 20:30:20','2020-08-10 20:30:20'),(32,'Diseño','Cursos llenos de teoría y práctica donde aprenderás de diseño en sus distintos enfoques. Diseño digital, Ilustración, diseño de marca, diseño gráfico y más. Dictados por expertos en la materia.','memories-cursos-diseno.jpg',0,1999,1999,100,3,'2020-08-10 20:30:20','2020-08-10 20:30:20','2020-08-10 20:30:20');
/*!40000 ALTER TABLE `products` ENABLE KEYS */;
UNLOCK TABLES;

--
-- Table structure for table `users`
--

DROP TABLE IF EXISTS `users`;
/*!40101 SET @saved_cs_client     = @@character_set_client */;
/*!40101 SET character_set_client = utf8 */;
CREATE TABLE `users` (
  `id` int(11) NOT NULL AUTO_INCREMENT,
  `name` varchar(45) DEFAULT NULL,
  `lastName` varchar(45) DEFAULT NULL,
  `email` varchar(50) NOT NULL,
  `password` text DEFAULT NULL,
  `photo` text DEFAULT NULL,
  `createdAt` timestamp NULL DEFAULT current_timestamp(),
  `updatedAt` timestamp NULL DEFAULT current_timestamp(),
  `deletedAt` timestamp NULL DEFAULT current_timestamp(),
  PRIMARY KEY (`id`),
  UNIQUE KEY `email_UNIQUE` (`email`)
) ENGINE=InnoDB AUTO_INCREMENT=39 DEFAULT CHARSET=utf8;
/*!40101 SET character_set_client = @saved_cs_client */;

--
-- Dumping data for table `users`
--

LOCK TABLES `users` WRITE;
/*!40000 ALTER TABLE `users` DISABLE KEYS */;
INSERT INTO `users` VALUES (1,'Sebastian','Navarro','sebastian.navarro87@gmail.com','$2b$10$ob2eBIr7KRyct/S/yqYJEOljvEBe5CVGz1nAtLqrfoBJPuarv8EPW','sebas.jpg','2020-08-10 17:54:16','2020-08-10 17:54:16','2020-08-10 17:54:16'),(2,'Facundo','Ruiz','facu-ru@hotmail.com','$2b$10$BTJcA/hLojYdjq5vIyXH3eyF1csSTBJm.YtuuSTKd/v.3Mtr6d38.','facu.jpg','2020-08-10 17:54:16','2020-08-13 21:36:44','2020-08-10 17:54:16'),(26,'Nicolas','Caballero','niicolas.caballero@gmail.com','$2b$10$B6t7eC.qkowtBykuY46sC.tndYJ4eN926hNMxi9vDVUDtg4ee96lW','nicoPerfil.jpg','2020-08-30 13:54:43','2020-08-31 22:39:31','2020-08-30 13:54:43');
/*!40000 ALTER TABLE `users` ENABLE KEYS */;
UNLOCK TABLES;
/*!40103 SET TIME_ZONE=@OLD_TIME_ZONE */;

/*!40101 SET SQL_MODE=@OLD_SQL_MODE */;
/*!40014 SET FOREIGN_KEY_CHECKS=@OLD_FOREIGN_KEY_CHECKS */;
/*!40014 SET UNIQUE_CHECKS=@OLD_UNIQUE_CHECKS */;
/*!40101 SET CHARACTER_SET_CLIENT=@OLD_CHARACTER_SET_CLIENT */;
/*!40101 SET CHARACTER_SET_RESULTS=@OLD_CHARACTER_SET_RESULTS */;
/*!40101 SET COLLATION_CONNECTION=@OLD_COLLATION_CONNECTION */;
/*!40111 SET SQL_NOTES=@OLD_SQL_NOTES */;

-- Dump completed on 2020-09-01 18:41:35
